/*초기 설정 스크립트*/DELETE FROM AUTH;INSERT INTO AUTH (AUTH_ID,AUTH_NM) VALUES ('SUPERADMIN','슈퍼관리자');INSERT INTO AUTH (AUTH_ID,AUTH_NM) VALUES ('SITEADMIN','사이트관리자');INSERT INTO AUTH (AUTH_ID,AUTH_NM) VALUES ('ROADADMIN','ROAD관리자');INSERT INTO AUTH (AUTH_ID,AUTH_NM) VALUES ('RESTADMIN','REST관리자');INSERT INTO AUTH (AUTH_ID,AUTH_NM) VALUES ('RESTUSER','REST사용자');INSERT INTO AUTH (AUTH_ID,AUTH_NM) VALUES ('AUTHENTICATED','로그인사용자');INSERT INTO AUTH (AUTH_ID,AUTH_NM) VALUES ('ANONYMOUS','모든사용자');DELETE FROM AUTH_LVL;INSERT INTO AUTH_LVL (PARENT_AUTH_ID,CHILD_AUTH_ID) VALUES ('SUPERADMIN','SITEADMIN');INSERT INTO AUTH_LVL (PARENT_AUTH_ID,CHILD_AUTH_ID) VALUES ('SITEADMIN','ROADADMIN');INSERT INTO AUTH_LVL (PARENT_AUTH_ID,CHILD_AUTH_ID) VALUES ('ROADADMIN','RESTADMIN');INSERT INTO AUTH_LVL (PARENT_AUTH_ID,CHILD_AUTH_ID) VALUES ('RESTADMIN','RESTUSER');INSERT INTO AUTH_LVL (PARENT_AUTH_ID,CHILD_AUTH_ID) VALUES ('RESTUSER','AUTHENTICATED');INSERT INTO AUTH_LVL (PARENT_AUTH_ID,CHILD_AUTH_ID) VALUES ('AUTHENTICATED','ANONYMOUS');DELETE FROM USER_INFO;INSERT INTO USER_INFO (USER_ID,CORP_ID,USER_NM,USER_PW,USER_EMAIL,USER_HP,USER_TEL,USER_AUTH,USE_YN,ACCESS_FAIL_CNT,MOD_DT,MOD_ID,MOD_IP,REG_DT,REG_ID,REG_IP) VALUES ('admin', NULL, '관리자', 'nWsxfLXl5mvIuk880vK8Z/1Wk7B4DyRNiTNi8eUbCgg=', NULL, NULL, NULL, '0', 'Y', 0, SYSDATE(), 'system', '127.0.0.1', SYSDATE(), 'system', '127.0.0.1');DELETE FROM USER_AUTH;INSERT INTO USER_AUTH (USER_ID,AUTH_ID) VALUES ('admin','SUPERADMIN');DELETE FROM RESO_INFO;INSERT INTO RESO_INFO (RESO_ID, RESO_NM, RESO_PTN, RESO_TP, RESO_ORD) VALUES ('RES_000001', '아이콘', '/*.ico', 'url', 10);INSERT INTO RESO_INFO (RESO_ID, RESO_NM, RESO_PTN, RESO_TP, RESO_ORD) VALUES ('RES_000002', '이미지', '/images/**/*', 'url', 20);INSERT INTO RESO_INFO (RESO_ID, RESO_NM, RESO_PTN, RESO_TP, RESO_ORD) VALUES ('RES_000003', 'css', '/**/*.css', 'url', 30);INSERT INTO RESO_INFO (RESO_ID, RESO_NM, RESO_PTN, RESO_TP, RESO_ORD) VALUES ('RES_000004', 'js', '/**/*.js', 'url', 40);INSERT INTO RESO_INFO (RESO_ID, RESO_NM, RESO_PTN, RESO_TP, RESO_ORD) VALUES ('RES_000005', 'htm', '/**/*.htm*', 'url', 50);INSERT INTO RESO_INFO (RESO_ID, RESO_NM, RESO_PTN, RESO_TP, RESO_ORD) VALUES ('RES_000006', 'jsp', '/*.jsp', 'url', 60);INSERT INTO RESO_INFO (RESO_ID, RESO_NM, RESO_PTN, RESO_TP, RESO_ORD) VALUES ('RES_000007', '로그인,로그아웃', '/usr/lgn/*', 'url', 70);INSERT INTO RESO_INFO (RESO_ID, RESO_NM, RESO_PTN, RESO_TP, RESO_ORD) VALUES ('RES_000008', '관리페이지', '/mng/**/*', 'url', 80);INSERT INTO RESO_INFO (RESO_ID, RESO_NM, RESO_PTN, RESO_TP, RESO_ORD) VALUES ('RES_000009', '레이아웃 페이지', '/cmm/**/*', 'url', 90);INSERT INTO RESO_INFO (RESO_ID, RESO_NM, RESO_PTN, RESO_TP, RESO_ORD) VALUES ('RES_000010', '개인정보수정', '/usr/edt/mypage*.do', 'url', 100);INSERT INTO RESO_INFO (RESO_ID, RESO_NM, RESO_PTN, RESO_TP, RESO_ORD) VALUES ('RES_000011', '파일다운로드', '/common/downLoadFile.do', 'url', 110);INSERT INTO RESO_INFO (RESO_ID, RESO_NM, RESO_PTN, RESO_TP, RESO_ORD) VALUES ('RES_000012', '검색', '/cmm/sch/*', 'url', 120);DELETE FROM RESO_AUTH;INSERT INTO RESO_AUTH (RESO_ID, AUTH_ID, AUTH_NM) VALUES ('RES_000001', 'ANONYMOUS', '아이콘');INSERT INTO RESO_AUTH (RESO_ID, AUTH_ID, AUTH_NM) VALUES ('RES_000002', 'ANONYMOUS', '이미지');INSERT INTO RESO_AUTH (RESO_ID, AUTH_ID, AUTH_NM) VALUES ('RES_000003', 'ANONYMOUS', 'css');INSERT INTO RESO_AUTH (RESO_ID, AUTH_ID, AUTH_NM) VALUES ('RES_000004', 'ANONYMOUS', 'js');INSERT INTO RESO_AUTH (RESO_ID, AUTH_ID, AUTH_NM) VALUES ('RES_000005', 'ANONYMOUS', 'htm');INSERT INTO RESO_AUTH (RESO_ID, AUTH_ID, AUTH_NM) VALUES ('RES_000006', 'ANONYMOUS', 'jsp');INSERT INTO RESO_AUTH (RESO_ID, AUTH_ID, AUTH_NM) VALUES ('RES_000007', 'ANONYMOUS', '로그인,로그아웃');INSERT INTO RESO_AUTH (RESO_ID, AUTH_ID, AUTH_NM) VALUES ('RES_000008', 'RESTUSER', '관리페이지');INSERT INTO RESO_AUTH (RESO_ID, AUTH_ID, AUTH_NM) VALUES ('RES_000009', 'RESTUSER', '레이아웃 페이지');INSERT INTO RESO_AUTH (RESO_ID, AUTH_ID, AUTH_NM) VALUES ('RES_000010', 'AUTHENTICATED', '개인정보수정');INSERT INTO RESO_AUTH (RESO_ID, AUTH_ID, AUTH_NM) VALUES ('RES_000011', 'ANONYMOUS', '파일다운로드');INSERT INTO RESO_AUTH (RESO_ID, AUTH_ID, AUTH_NM) VALUES ('RES_000012', 'AUTHENTICATED', '검색');SELECT * FROM AUTH_LVL;SELECT A.CHILD_AUTH_ID CHILD      ,A.PARENT_AUTH_ID PARENT  FROM AUTH_LVL A  LEFT JOIN AUTH_LVL B         ON (A.CHILD_AUTH_ID = B.PARENT_AUTH_ID)