grant all privileges on *.* to 'evanequip'@'%' identified by 'evanequip' with grant option;
flush privileges;

delete from app_info;
insert into `app_info`(`APP_ID`,`APP_OS`,`APP_VER`,`APP_OS_MIN_VER`,`FILE_PATH`,`FILE_NM`,`FILE_EXT`,`FILE_SIZE`,`ORG_FILE_NM`,`MOD_DT`,`MOD_ID`,`MOD_IP`,`REG_DT`,`REG_ID`,`REG_IP`) values ('20151005132510','ANDROID','1.0','4.2','/data/DIDMANAGE/app','f545b335fc428d951e364817afa7d1ad','apk',1314047,'EvanCallDID_Andong_New_20150725.apk','2015-10-05 13:25:10','admin','0:0:0:0:0:0:0:1','2015-10-05 13:25:10','admin','0:0:0:0:0:0:0:1');

delete from auth_lvl;
insert into `auth_lvl`(`parent_auth_id`,`child_auth_id`) values ('AUTHENTICATED','ANONYMOUS');
insert into `auth_lvl`(`parent_auth_id`,`child_auth_id`) values ('RESTADMIN','RESTUSER');
insert into `auth_lvl`(`parent_auth_id`,`child_auth_id`) values ('RESTUSER','AUTHENTICATED');
insert into `auth_lvl`(`parent_auth_id`,`child_auth_id`) values ('ROADADMIN','RESTADMIN');
insert into `auth_lvl`(`parent_auth_id`,`child_auth_id`) values ('SITEADMIN','ROADADMIN');
insert into `auth_lvl`(`parent_auth_id`,`child_auth_id`) values ('SUPERADMIN','SITEADMIN');

delete from auth;
insert into `auth`(`AUTH_ID`,`AUTH_NM`,`AUTH_NO`,`UP_AUTH_NO`) values ('ANONYMOUS','모든사용자',7,6);
insert into `auth`(`AUTH_ID`,`AUTH_NM`,`AUTH_NO`,`UP_AUTH_NO`) values ('AUTHENTICATED','로그인사용자',6,5);
insert into `auth`(`AUTH_ID`,`AUTH_NM`,`AUTH_NO`,`UP_AUTH_NO`) values ('RESTADMIN','REST관리자',4,3);
insert into `auth`(`AUTH_ID`,`AUTH_NM`,`AUTH_NO`,`UP_AUTH_NO`) values ('RESTUSER','REST사용자',5,4);
insert into `auth`(`AUTH_ID`,`AUTH_NM`,`AUTH_NO`,`UP_AUTH_NO`) values ('ROADADMIN','ROAD관리자',3,2);
insert into `auth`(`AUTH_ID`,`AUTH_NM`,`AUTH_NO`,`UP_AUTH_NO`) values ('SITEADMIN','사이트관리자',2,1);
insert into `auth`(`AUTH_ID`,`AUTH_NM`,`AUTH_NO`,`UP_AUTH_NO`) values ('SUPERADMIN','슈퍼관리자',1,0);

delete from code_part;
insert into `code_part`(`CODE_PART`,`CODE_PART_NM`,`MOD_DT`,`MOD_ID`,`MOD_IP`,`REG_DT`,`REG_ID`,`REG_IP`) values ('CALL','번호호출기','2015-10-02 15:36:51','admin','0:0:0:0:0:0:0:1','2015-10-02 15:36:51','admin','0:0:0:0:0:0:0:1');
insert into `code_part`(`CODE_PART`,`CODE_PART_NM`,`MOD_DT`,`MOD_ID`,`MOD_IP`,`REG_DT`,`REG_ID`,`REG_IP`) values ('RSS','뉴스피드','2015-10-02 15:36:32','admin','0:0:0:0:0:0:0:1','2015-10-02 15:36:32','admin','0:0:0:0:0:0:0:1');
insert into `code_part`(`CODE_PART`,`CODE_PART_NM`,`MOD_DT`,`MOD_ID`,`MOD_IP`,`REG_DT`,`REG_ID`,`REG_IP`) values ('SVRENV','환경변수','2015-10-02 15:36:13','admin','0:0:0:0:0:0:0:1','2015-10-02 15:36:13','admin','0:0:0:0:0:0:0:1');

delete from code_info;
insert into `code_info`(`CODE_PART`,`CODE`,`CODE_NM`,`CODE_ORD`,`CODE_DESC`,`MOD_DT`,`MOD_ID`,`MOD_IP`,`REG_DT`,`REG_ID`,`REG_IP`) values ('CALL','LINK','링크맨','2','','2015-10-02 15:39:56','admin','0:0:0:0:0:0:0:1','2015-10-02 15:39:56','admin','0:0:0:0:0:0:0:1');
insert into `code_info`(`CODE_PART`,`CODE`,`CODE_NM`,`CODE_ORD`,`CODE_DESC`,`MOD_DT`,`MOD_ID`,`MOD_IP`,`REG_DT`,`REG_ID`,`REG_IP`) values ('CALL','SYS','시스콜','1','','2015-10-02 15:39:27','admin','0:0:0:0:0:0:0:1','2015-10-02 15:39:27','admin','0:0:0:0:0:0:0:1');
insert into `code_info`(`CODE_PART`,`CODE`,`CODE_NM`,`CODE_ORD`,`CODE_DESC`,`MOD_DT`,`MOD_ID`,`MOD_IP`,`REG_DT`,`REG_ID`,`REG_IP`) values ('RSS','YONHAP','연합뉴스RSS','1','http://www.yonhapnews.co.kr/RSS/KAKAO/textnews.xml','2015-10-02 15:38:54','admin','0:0:0:0:0:0:0:1','2015-10-02 15:38:54','admin','0:0:0:0:0:0:0:1');
insert into `code_info`(`CODE_PART`,`CODE`,`CODE_NM`,`CODE_ORD`,`CODE_DESC`,`MOD_DT`,`MOD_ID`,`MOD_IP`,`REG_DT`,`REG_ID`,`REG_IP`) values ('SVRENV','SERVER_URL','서버주소','2','http://sonys75.iptime.org','2015-10-02 15:37:40','admin','0:0:0:0:0:0:0:1','2015-10-02 15:37:40','admin','0:0:0:0:0:0:0:1');
insert into `code_info`(`CODE_PART`,`CODE`,`CODE_NM`,`CODE_ORD`,`CODE_DESC`,`MOD_DT`,`MOD_ID`,`MOD_IP`,`REG_DT`,`REG_ID`,`REG_IP`) values ('SVRENV','SVR','서버주소','1','evansoft.iptime.org','2015-10-02 15:38:15','admin','0:0:0:0:0:0:0:1','2015-10-02 15:38:15','admin','0:0:0:0:0:0:0:1');


delete from corp_info;
insert into `corp_info`(`CORP_ID`,`CORP_NM`,`CORP_LOGO_PATH`,`CORP_LOGO_NM`,`CORP_LOGO_EXT`,`CORP_LOGO_SIZE`,`CORP_LOGO_CONT_TYPE`,`CORP_LOGO_ORG_FILE_NM`,`CORP_URL`,`CORP_TEL`,`CORP_POST`,`CORP_ADR`,`CORP_ADR_DSC`,`UP_CORP_ID`,`MOD_DT`,`MOD_ID`,`MOD_IP`,`REG_DT`,`REG_ID`,`REG_IP`) values (1,'EVAN','/attachfile/corp_logo','7e72e5a6c6552097740326040a5319a8','gif',9522,'image/gif','bg_card_1.gif','http://www.test.com','02-0000-0000','111111','수원시','영통구 영통동',0,'2015-08-26 00:00:00','admin','0:0:0:0:0:0:0:1','2015-08-23 00:00:00','SYSTEM','127.0.0.1');
insert into `corp_info`(`CORP_ID`,`CORP_NM`,`CORP_LOGO_PATH`,`CORP_LOGO_NM`,`CORP_LOGO_EXT`,`CORP_LOGO_SIZE`,`CORP_LOGO_CONT_TYPE`,`CORP_LOGO_ORG_FILE_NM`,`CORP_URL`,`CORP_TEL`,`CORP_POST`,`CORP_ADR`,`CORP_ADR_DSC`,`UP_CORP_ID`,`MOD_DT`,`MOD_ID`,`MOD_IP`,`REG_DT`,`REG_ID`,`REG_IP`) values (2,'도로공사',null,null,null,null,null,null,null,null,null,null,null,1,'2015-08-23 00:00:00','SYSTEM','127.0.0.1','2015-08-23 00:00:00','SYSTEM','127.0.0.1');
insert into `corp_info`(`CORP_ID`,`CORP_NM`,`CORP_LOGO_PATH`,`CORP_LOGO_NM`,`CORP_LOGO_EXT`,`CORP_LOGO_SIZE`,`CORP_LOGO_CONT_TYPE`,`CORP_LOGO_ORG_FILE_NM`,`CORP_URL`,`CORP_TEL`,`CORP_POST`,`CORP_ADR`,`CORP_ADR_DSC`,`UP_CORP_ID`,`MOD_DT`,`MOD_ID`,`MOD_IP`,`REG_DT`,`REG_ID`,`REG_IP`) values (3,'휴게소1',null,null,null,null,null,null,null,null,null,null,null,2,'2015-08-23 00:00:00','SYSTEM','127.0.0.1','2015-08-23 00:00:00','SYSTEM','127.0.0.1');
insert into `corp_info`(`CORP_ID`,`CORP_NM`,`CORP_LOGO_PATH`,`CORP_LOGO_NM`,`CORP_LOGO_EXT`,`CORP_LOGO_SIZE`,`CORP_LOGO_CONT_TYPE`,`CORP_LOGO_ORG_FILE_NM`,`CORP_URL`,`CORP_TEL`,`CORP_POST`,`CORP_ADR`,`CORP_ADR_DSC`,`UP_CORP_ID`,`MOD_DT`,`MOD_ID`,`MOD_IP`,`REG_DT`,`REG_ID`,`REG_IP`) values (4,'휴게소2',null,null,null,null,null,null,null,null,null,null,null,2,'2015-08-23 00:00:00','SYSTEM','127.0.0.1','2015-08-23 00:00:00','SYSTEM','127.0.0.1');
insert into `corp_info`(`CORP_ID`,`CORP_NM`,`CORP_LOGO_PATH`,`CORP_LOGO_NM`,`CORP_LOGO_EXT`,`CORP_LOGO_SIZE`,`CORP_LOGO_CONT_TYPE`,`CORP_LOGO_ORG_FILE_NM`,`CORP_URL`,`CORP_TEL`,`CORP_POST`,`CORP_ADR`,`CORP_ADR_DSC`,`UP_CORP_ID`,`MOD_DT`,`MOD_ID`,`MOD_IP`,`REG_DT`,`REG_ID`,`REG_IP`) values (5,'휴게소3',null,null,null,null,null,null,null,null,null,null,null,2,'2015-08-23 00:00:00','SYSTEM','127.0.0.1','2015-08-23 00:00:00','SYSTEM','127.0.0.1');
insert into `corp_info`(`CORP_ID`,`CORP_NM`,`CORP_LOGO_PATH`,`CORP_LOGO_NM`,`CORP_LOGO_EXT`,`CORP_LOGO_SIZE`,`CORP_LOGO_CONT_TYPE`,`CORP_LOGO_ORG_FILE_NM`,`CORP_URL`,`CORP_TEL`,`CORP_POST`,`CORP_ADR`,`CORP_ADR_DSC`,`UP_CORP_ID`,`MOD_DT`,`MOD_ID`,`MOD_IP`,`REG_DT`,`REG_ID`,`REG_IP`) values (6,'휴게소업체1-1',null,null,null,null,null,null,null,null,null,null,null,3,'2015-08-23 00:00:00','SYSTEM','127.0.0.1','2015-08-23 00:00:00','SYSTEM','127.0.0.1');
insert into `corp_info`(`CORP_ID`,`CORP_NM`,`CORP_LOGO_PATH`,`CORP_LOGO_NM`,`CORP_LOGO_EXT`,`CORP_LOGO_SIZE`,`CORP_LOGO_CONT_TYPE`,`CORP_LOGO_ORG_FILE_NM`,`CORP_URL`,`CORP_TEL`,`CORP_POST`,`CORP_ADR`,`CORP_ADR_DSC`,`UP_CORP_ID`,`MOD_DT`,`MOD_ID`,`MOD_IP`,`REG_DT`,`REG_ID`,`REG_IP`) values (7,'휴게소업체1-2',null,null,null,null,null,null,null,null,null,null,null,3,'2015-08-23 00:00:00','SYSTEM','127.0.0.1','2015-08-23 00:00:00','SYSTEM','127.0.0.1');
insert into `corp_info`(`CORP_ID`,`CORP_NM`,`CORP_LOGO_PATH`,`CORP_LOGO_NM`,`CORP_LOGO_EXT`,`CORP_LOGO_SIZE`,`CORP_LOGO_CONT_TYPE`,`CORP_LOGO_ORG_FILE_NM`,`CORP_URL`,`CORP_TEL`,`CORP_POST`,`CORP_ADR`,`CORP_ADR_DSC`,`UP_CORP_ID`,`MOD_DT`,`MOD_ID`,`MOD_IP`,`REG_DT`,`REG_ID`,`REG_IP`) values (8,'휴게소업체1-3',null,null,null,null,null,null,null,null,null,null,null,3,'2015-08-23 00:00:00','SYSTEM','127.0.0.1','2015-08-23 00:00:00','SYSTEM','127.0.0.1');
insert into `corp_info`(`CORP_ID`,`CORP_NM`,`CORP_LOGO_PATH`,`CORP_LOGO_NM`,`CORP_LOGO_EXT`,`CORP_LOGO_SIZE`,`CORP_LOGO_CONT_TYPE`,`CORP_LOGO_ORG_FILE_NM`,`CORP_URL`,`CORP_TEL`,`CORP_POST`,`CORP_ADR`,`CORP_ADR_DSC`,`UP_CORP_ID`,`MOD_DT`,`MOD_ID`,`MOD_IP`,`REG_DT`,`REG_ID`,`REG_IP`) values (9,'휴게소업체2-1',null,null,null,null,null,null,null,null,null,null,null,4,'2015-08-23 00:00:00','SYSTEM','127.0.0.1','2015-08-23 00:00:00','SYSTEM','127.0.0.1');
insert into `corp_info`(`CORP_ID`,`CORP_NM`,`CORP_LOGO_PATH`,`CORP_LOGO_NM`,`CORP_LOGO_EXT`,`CORP_LOGO_SIZE`,`CORP_LOGO_CONT_TYPE`,`CORP_LOGO_ORG_FILE_NM`,`CORP_URL`,`CORP_TEL`,`CORP_POST`,`CORP_ADR`,`CORP_ADR_DSC`,`UP_CORP_ID`,`MOD_DT`,`MOD_ID`,`MOD_IP`,`REG_DT`,`REG_ID`,`REG_IP`) values (10,'휴게소업체2-2',null,null,null,null,null,null,null,null,null,null,null,4,'2015-08-23 00:00:00','SYSTEM','127.0.0.1','2015-08-23 00:00:00','SYSTEM','127.0.0.1');
insert into `corp_info`(`CORP_ID`,`CORP_NM`,`CORP_LOGO_PATH`,`CORP_LOGO_NM`,`CORP_LOGO_EXT`,`CORP_LOGO_SIZE`,`CORP_LOGO_CONT_TYPE`,`CORP_LOGO_ORG_FILE_NM`,`CORP_URL`,`CORP_TEL`,`CORP_POST`,`CORP_ADR`,`CORP_ADR_DSC`,`UP_CORP_ID`,`MOD_DT`,`MOD_ID`,`MOD_IP`,`REG_DT`,`REG_ID`,`REG_IP`) values (11,'휴게소업체2-3',null,null,null,null,null,null,null,null,null,null,null,4,'2015-08-23 00:00:00','SYSTEM','127.0.0.1','2015-08-23 00:00:00','SYSTEM','127.0.0.1');
insert into `corp_info`(`CORP_ID`,`CORP_NM`,`CORP_LOGO_PATH`,`CORP_LOGO_NM`,`CORP_LOGO_EXT`,`CORP_LOGO_SIZE`,`CORP_LOGO_CONT_TYPE`,`CORP_LOGO_ORG_FILE_NM`,`CORP_URL`,`CORP_TEL`,`CORP_POST`,`CORP_ADR`,`CORP_ADR_DSC`,`UP_CORP_ID`,`MOD_DT`,`MOD_ID`,`MOD_IP`,`REG_DT`,`REG_ID`,`REG_IP`) values (12,'휴게소업체3-1',null,null,null,null,null,null,null,null,null,null,null,5,'2015-08-23 00:00:00','SYSTEM','127.0.0.1','2015-08-23 00:00:00','SYSTEM','127.0.0.1');
insert into `corp_info`(`CORP_ID`,`CORP_NM`,`CORP_LOGO_PATH`,`CORP_LOGO_NM`,`CORP_LOGO_EXT`,`CORP_LOGO_SIZE`,`CORP_LOGO_CONT_TYPE`,`CORP_LOGO_ORG_FILE_NM`,`CORP_URL`,`CORP_TEL`,`CORP_POST`,`CORP_ADR`,`CORP_ADR_DSC`,`UP_CORP_ID`,`MOD_DT`,`MOD_ID`,`MOD_IP`,`REG_DT`,`REG_ID`,`REG_IP`) values (13,'휴게소업체3-2',null,null,null,null,null,null,null,null,null,null,null,5,'2015-08-23 00:00:00','SYSTEM','127.0.0.1','2015-08-23 00:00:00','SYSTEM','127.0.0.1');
insert into `corp_info`(`CORP_ID`,`CORP_NM`,`CORP_LOGO_PATH`,`CORP_LOGO_NM`,`CORP_LOGO_EXT`,`CORP_LOGO_SIZE`,`CORP_LOGO_CONT_TYPE`,`CORP_LOGO_ORG_FILE_NM`,`CORP_URL`,`CORP_TEL`,`CORP_POST`,`CORP_ADR`,`CORP_ADR_DSC`,`UP_CORP_ID`,`MOD_DT`,`MOD_ID`,`MOD_IP`,`REG_DT`,`REG_ID`,`REG_IP`) values (14,'휴게소업체3-3',null,null,null,null,null,null,null,null,null,null,null,5,'2015-08-23 00:00:00','SYSTEM','127.0.0.1','2015-08-23 00:00:00','SYSTEM','127.0.0.1');
insert into `corp_info`(`CORP_ID`,`CORP_NM`,`CORP_LOGO_PATH`,`CORP_LOGO_NM`,`CORP_LOGO_EXT`,`CORP_LOGO_SIZE`,`CORP_LOGO_CONT_TYPE`,`CORP_LOGO_ORG_FILE_NM`,`CORP_URL`,`CORP_TEL`,`CORP_POST`,`CORP_ADR`,`CORP_ADR_DSC`,`UP_CORP_ID`,`MOD_DT`,`MOD_ID`,`MOD_IP`,`REG_DT`,`REG_ID`,`REG_IP`) values (15,'회사',null,null,null,null,null,null,null,null,null,null,null,1,'2015-08-23 00:00:00','SYSTEM','127.0.0.1','2015-08-23 00:00:00','SYSTEM','127.0.0.1');
insert into `corp_info`(`CORP_ID`,`CORP_NM`,`CORP_LOGO_PATH`,`CORP_LOGO_NM`,`CORP_LOGO_EXT`,`CORP_LOGO_SIZE`,`CORP_LOGO_CONT_TYPE`,`CORP_LOGO_ORG_FILE_NM`,`CORP_URL`,`CORP_TEL`,`CORP_POST`,`CORP_ADR`,`CORP_ADR_DSC`,`UP_CORP_ID`,`MOD_DT`,`MOD_ID`,`MOD_IP`,`REG_DT`,`REG_ID`,`REG_IP`) values (16,'부서1',null,null,null,null,null,null,null,null,null,null,null,15,'2015-08-23 00:00:00','SYSTEM','127.0.0.1','2015-08-23 00:00:00','SYSTEM','127.0.0.1');
insert into `corp_info`(`CORP_ID`,`CORP_NM`,`CORP_LOGO_PATH`,`CORP_LOGO_NM`,`CORP_LOGO_EXT`,`CORP_LOGO_SIZE`,`CORP_LOGO_CONT_TYPE`,`CORP_LOGO_ORG_FILE_NM`,`CORP_URL`,`CORP_TEL`,`CORP_POST`,`CORP_ADR`,`CORP_ADR_DSC`,`UP_CORP_ID`,`MOD_DT`,`MOD_ID`,`MOD_IP`,`REG_DT`,`REG_ID`,`REG_IP`) values (17,'부서2',null,null,null,null,null,null,null,null,null,null,null,15,'2015-08-23 00:00:00','SYSTEM','127.0.0.1','2015-08-23 00:00:00','SYSTEM','127.0.0.1');
insert into `corp_info`(`CORP_ID`,`CORP_NM`,`CORP_LOGO_PATH`,`CORP_LOGO_NM`,`CORP_LOGO_EXT`,`CORP_LOGO_SIZE`,`CORP_LOGO_CONT_TYPE`,`CORP_LOGO_ORG_FILE_NM`,`CORP_URL`,`CORP_TEL`,`CORP_POST`,`CORP_ADR`,`CORP_ADR_DSC`,`UP_CORP_ID`,`MOD_DT`,`MOD_ID`,`MOD_IP`,`REG_DT`,`REG_ID`,`REG_IP`) values (18,'부서3',null,null,null,null,null,null,null,null,null,null,null,15,'2015-08-23 00:00:00','SYSTEM','127.0.0.1','2015-08-23 00:00:00','SYSTEM','127.0.0.1');
insert into `corp_info`(`CORP_ID`,`CORP_NM`,`CORP_LOGO_PATH`,`CORP_LOGO_NM`,`CORP_LOGO_EXT`,`CORP_LOGO_SIZE`,`CORP_LOGO_CONT_TYPE`,`CORP_LOGO_ORG_FILE_NM`,`CORP_URL`,`CORP_TEL`,`CORP_POST`,`CORP_ADR`,`CORP_ADR_DSC`,`UP_CORP_ID`,`MOD_DT`,`MOD_ID`,`MOD_IP`,`REG_DT`,`REG_ID`,`REG_IP`) values (19,'부서파트1-1',null,null,null,null,null,null,null,null,null,null,null,16,'2015-08-23 00:00:00','SYSTEM','127.0.0.1','2015-08-23 00:00:00','SYSTEM','127.0.0.1');
insert into `corp_info`(`CORP_ID`,`CORP_NM`,`CORP_LOGO_PATH`,`CORP_LOGO_NM`,`CORP_LOGO_EXT`,`CORP_LOGO_SIZE`,`CORP_LOGO_CONT_TYPE`,`CORP_LOGO_ORG_FILE_NM`,`CORP_URL`,`CORP_TEL`,`CORP_POST`,`CORP_ADR`,`CORP_ADR_DSC`,`UP_CORP_ID`,`MOD_DT`,`MOD_ID`,`MOD_IP`,`REG_DT`,`REG_ID`,`REG_IP`) values (20,'부서파트1-2',null,null,null,null,null,null,null,null,null,null,null,16,'2015-08-23 00:00:00','SYSTEM','127.0.0.1','2015-08-23 00:00:00','SYSTEM','127.0.0.1');
insert into `corp_info`(`CORP_ID`,`CORP_NM`,`CORP_LOGO_PATH`,`CORP_LOGO_NM`,`CORP_LOGO_EXT`,`CORP_LOGO_SIZE`,`CORP_LOGO_CONT_TYPE`,`CORP_LOGO_ORG_FILE_NM`,`CORP_URL`,`CORP_TEL`,`CORP_POST`,`CORP_ADR`,`CORP_ADR_DSC`,`UP_CORP_ID`,`MOD_DT`,`MOD_ID`,`MOD_IP`,`REG_DT`,`REG_ID`,`REG_IP`) values (21,'부서파트1-3',null,null,null,null,null,null,null,null,null,null,null,16,'2015-08-23 00:00:00','SYSTEM','127.0.0.1','2015-08-23 00:00:00','SYSTEM','127.0.0.1');
insert into `corp_info`(`CORP_ID`,`CORP_NM`,`CORP_LOGO_PATH`,`CORP_LOGO_NM`,`CORP_LOGO_EXT`,`CORP_LOGO_SIZE`,`CORP_LOGO_CONT_TYPE`,`CORP_LOGO_ORG_FILE_NM`,`CORP_URL`,`CORP_TEL`,`CORP_POST`,`CORP_ADR`,`CORP_ADR_DSC`,`UP_CORP_ID`,`MOD_DT`,`MOD_ID`,`MOD_IP`,`REG_DT`,`REG_ID`,`REG_IP`) values (22,'부서파트2-1',null,null,null,null,null,null,null,null,null,null,null,17,'2015-08-23 00:00:00','SYSTEM','127.0.0.1','2015-08-23 00:00:00','SYSTEM','127.0.0.1');
insert into `corp_info`(`CORP_ID`,`CORP_NM`,`CORP_LOGO_PATH`,`CORP_LOGO_NM`,`CORP_LOGO_EXT`,`CORP_LOGO_SIZE`,`CORP_LOGO_CONT_TYPE`,`CORP_LOGO_ORG_FILE_NM`,`CORP_URL`,`CORP_TEL`,`CORP_POST`,`CORP_ADR`,`CORP_ADR_DSC`,`UP_CORP_ID`,`MOD_DT`,`MOD_ID`,`MOD_IP`,`REG_DT`,`REG_ID`,`REG_IP`) values (23,'부서파트2-2',null,null,null,null,null,null,null,null,null,null,null,17,'2015-08-23 00:00:00','SYSTEM','127.0.0.1','2015-08-23 00:00:00','SYSTEM','127.0.0.1');
insert into `corp_info`(`CORP_ID`,`CORP_NM`,`CORP_LOGO_PATH`,`CORP_LOGO_NM`,`CORP_LOGO_EXT`,`CORP_LOGO_SIZE`,`CORP_LOGO_CONT_TYPE`,`CORP_LOGO_ORG_FILE_NM`,`CORP_URL`,`CORP_TEL`,`CORP_POST`,`CORP_ADR`,`CORP_ADR_DSC`,`UP_CORP_ID`,`MOD_DT`,`MOD_ID`,`MOD_IP`,`REG_DT`,`REG_ID`,`REG_IP`) values (24,'부서파트2-3',null,null,null,null,null,null,null,null,null,null,null,17,'2015-08-23 00:00:00','SYSTEM','127.0.0.1','2015-08-23 00:00:00','SYSTEM','127.0.0.1');
insert into `corp_info`(`CORP_ID`,`CORP_NM`,`CORP_LOGO_PATH`,`CORP_LOGO_NM`,`CORP_LOGO_EXT`,`CORP_LOGO_SIZE`,`CORP_LOGO_CONT_TYPE`,`CORP_LOGO_ORG_FILE_NM`,`CORP_URL`,`CORP_TEL`,`CORP_POST`,`CORP_ADR`,`CORP_ADR_DSC`,`UP_CORP_ID`,`MOD_DT`,`MOD_ID`,`MOD_IP`,`REG_DT`,`REG_ID`,`REG_IP`) values (25,'부서파트3-1',null,null,null,null,null,null,null,null,null,null,null,18,'2015-08-23 00:00:00','SYSTEM','127.0.0.1','2015-08-23 00:00:00','SYSTEM','127.0.0.1');
insert into `corp_info`(`CORP_ID`,`CORP_NM`,`CORP_LOGO_PATH`,`CORP_LOGO_NM`,`CORP_LOGO_EXT`,`CORP_LOGO_SIZE`,`CORP_LOGO_CONT_TYPE`,`CORP_LOGO_ORG_FILE_NM`,`CORP_URL`,`CORP_TEL`,`CORP_POST`,`CORP_ADR`,`CORP_ADR_DSC`,`UP_CORP_ID`,`MOD_DT`,`MOD_ID`,`MOD_IP`,`REG_DT`,`REG_ID`,`REG_IP`) values (26,'부서파트3-2',null,null,null,null,null,null,null,null,null,null,null,18,'2015-08-23 00:00:00','SYSTEM','127.0.0.1','2015-08-23 00:00:00','SYSTEM','127.0.0.1');
insert into `corp_info`(`CORP_ID`,`CORP_NM`,`CORP_LOGO_PATH`,`CORP_LOGO_NM`,`CORP_LOGO_EXT`,`CORP_LOGO_SIZE`,`CORP_LOGO_CONT_TYPE`,`CORP_LOGO_ORG_FILE_NM`,`CORP_URL`,`CORP_TEL`,`CORP_POST`,`CORP_ADR`,`CORP_ADR_DSC`,`UP_CORP_ID`,`MOD_DT`,`MOD_ID`,`MOD_IP`,`REG_DT`,`REG_ID`,`REG_IP`) values (27,'부서파트3-3',null,null,null,null,null,null,null,null,null,null,null,18,'2015-08-23 00:00:00','SYSTEM','127.0.0.1','2015-08-23 00:00:00','SYSTEM','127.0.0.1');

delete from dept;
insert into `dept`(`ID`,`PARENT_ID`,`NAME`) values (1,0,'ROOT');
insert into `dept`(`ID`,`PARENT_ID`,`NAME`) values (2,1,'1');
insert into `dept`(`ID`,`PARENT_ID`,`NAME`) values (3,1,'2');
insert into `dept`(`ID`,`PARENT_ID`,`NAME`) values (4,2,'1.1');
insert into `dept`(`ID`,`PARENT_ID`,`NAME`) values (5,2,'1.2');
insert into `dept`(`ID`,`PARENT_ID`,`NAME`) values (6,3,'2.1');
insert into `dept`(`ID`,`PARENT_ID`,`NAME`) values (7,6,'2.1.1');
insert into `dept`(`ID`,`PARENT_ID`,`NAME`) values (8,1,'3');
insert into `dept`(`ID`,`PARENT_ID`,`NAME`) values (9,10,'1.1.1.1');
insert into `dept`(`ID`,`PARENT_ID`,`NAME`) values (10,4,'1.1.1');

delete from file_info;
insert into `file_info`(`FILE_ID`,`USER_ID`,`FILE_PATH`,`FILE_NM`,`FILE_EXT`,`FILE_CONT_TYPE`,`FILE_TYPE`,`FILE_SIZE`,`FILE_TM`,`FILE_WIDTH`,`FILE_HEIGHT`,`ORG_FILE_NM`,`OPEN_RAN`,`CORP_ID`,`USE_YN`,`DEL_YN`,`FOOD_YN`,`LAST_MOD_DT`,`MOD_DT`,`MOD_ID`,`MOD_IP`,`REG_DT`,`REG_ID`,`REG_IP`) values ('201510051913493','admin','/data/DIDMANAGE/image','5b9a915d1ecc400873c3300ccc76092c','png','image/png','I',233325,0.0,912,768,'남성주_번호.png','9','1','Y','N','N','20151005191755','2015-10-05 19:17:55','admin','0:0:0:0:0:0:0:1','2015-10-05 19:17:55','admin','0:0:0:0:0:0:0:1');
insert into `file_info`(`FILE_ID`,`USER_ID`,`FILE_PATH`,`FILE_NM`,`FILE_EXT`,`FILE_CONT_TYPE`,`FILE_TYPE`,`FILE_SIZE`,`FILE_TM`,`FILE_WIDTH`,`FILE_HEIGHT`,`ORG_FILE_NM`,`OPEN_RAN`,`CORP_ID`,`USE_YN`,`DEL_YN`,`FOOD_YN`,`LAST_MOD_DT`,`MOD_DT`,`MOD_ID`,`MOD_IP`,`REG_DT`,`REG_ID`,`REG_IP`) values ('201510051919184','admin','/data/DIDMANAGE/image','2776d557628433857eb21318aa6e3303','png','image/png','I',268840,0.0,1360,768,'남성주_영상_BG.png','9','1','Y','N','N','20151005191918','2015-10-05 19:19:18','admin','0:0:0:0:0:0:0:1','2015-10-05 19:19:18','admin','0:0:0:0:0:0:0:1');
insert into `file_info`(`FILE_ID`,`USER_ID`,`FILE_PATH`,`FILE_NM`,`FILE_EXT`,`FILE_CONT_TYPE`,`FILE_TYPE`,`FILE_SIZE`,`FILE_TM`,`FILE_WIDTH`,`FILE_HEIGHT`,`ORG_FILE_NM`,`OPEN_RAN`,`CORP_ID`,`USE_YN`,`DEL_YN`,`FOOD_YN`,`LAST_MOD_DT`,`MOD_DT`,`MOD_ID`,`MOD_IP`,`REG_DT`,`REG_ID`,`REG_IP`) values ('201510051919186','admin','/data/DIDMANAGE/image','d3cce23037ba2dea43208d9d00d5e6f4','bmp','image/bmp','I',3133496,0.0,1360,768,'남성주_영상_1.bmp','9','1','Y','N','N','20151005191918','2015-10-05 19:19:18','admin','0:0:0:0:0:0:0:1','2015-10-05 19:19:18','admin','0:0:0:0:0:0:0:1');
insert into `file_info`(`FILE_ID`,`USER_ID`,`FILE_PATH`,`FILE_NM`,`FILE_EXT`,`FILE_CONT_TYPE`,`FILE_TYPE`,`FILE_SIZE`,`FILE_TM`,`FILE_WIDTH`,`FILE_HEIGHT`,`ORG_FILE_NM`,`OPEN_RAN`,`CORP_ID`,`USE_YN`,`DEL_YN`,`FOOD_YN`,`LAST_MOD_DT`,`MOD_DT`,`MOD_ID`,`MOD_IP`,`REG_DT`,`REG_ID`,`REG_IP`) values ('201510061118509','admin','/data/DIDMANAGE/movie','066d4b68aea3157297b18d8dfbe938e1','mp4','video/mp4','M',176957784,0.0,null,null,'[MV] AOA - 흔들려 (1080p).mp4','9','1','Y','N','N','20151006111850','2015-10-06 11:18:50','admin','0:0:0:0:0:0:0:1','2015-10-06 11:18:50','admin','0:0:0:0:0:0:0:1');
insert into `file_info`(`FILE_ID`,`USER_ID`,`FILE_PATH`,`FILE_NM`,`FILE_EXT`,`FILE_CONT_TYPE`,`FILE_TYPE`,`FILE_SIZE`,`FILE_TM`,`FILE_WIDTH`,`FILE_HEIGHT`,`ORG_FILE_NM`,`OPEN_RAN`,`CORP_ID`,`USE_YN`,`DEL_YN`,`FOOD_YN`,`LAST_MOD_DT`,`MOD_DT`,`MOD_ID`,`MOD_IP`,`REG_DT`,`REG_ID`,`REG_IP`) values ('201510061120201','admin','/data/DIDMANAGE/movie','29570298934f1377064f33273c7f79b7','mp4','video/mp4','M',176957784,0.0,null,null,'[MV] AOA - 흔들려 (1080p).mp4','9','1','Y','N','N','20151006112020','2015-10-06 11:20:20','admin','0:0:0:0:0:0:0:1','2015-10-06 11:20:20','admin','0:0:0:0:0:0:0:1');
insert into `file_info`(`FILE_ID`,`USER_ID`,`FILE_PATH`,`FILE_NM`,`FILE_EXT`,`FILE_CONT_TYPE`,`FILE_TYPE`,`FILE_SIZE`,`FILE_TM`,`FILE_WIDTH`,`FILE_HEIGHT`,`ORG_FILE_NM`,`OPEN_RAN`,`CORP_ID`,`USE_YN`,`DEL_YN`,`FOOD_YN`,`LAST_MOD_DT`,`MOD_DT`,`MOD_ID`,`MOD_IP`,`REG_DT`,`REG_ID`,`REG_IP`) values ('201510061120204','admin','/data/DIDMANAGE/movie','9bee94d9dad683d02fa0eebd47eb391e','mp4','video/mp4','M',149450135,0.0,null,null,'[MV] AOA - 단발머리 (1080p).mp4','9','1','Y','N','N','20151006112020','2015-10-06 11:20:20','admin','0:0:0:0:0:0:0:1','2015-10-06 11:20:20','admin','0:0:0:0:0:0:0:1');
insert into `file_info`(`FILE_ID`,`USER_ID`,`FILE_PATH`,`FILE_NM`,`FILE_EXT`,`FILE_CONT_TYPE`,`FILE_TYPE`,`FILE_SIZE`,`FILE_TM`,`FILE_WIDTH`,`FILE_HEIGHT`,`ORG_FILE_NM`,`OPEN_RAN`,`CORP_ID`,`USE_YN`,`DEL_YN`,`FOOD_YN`,`LAST_MOD_DT`,`MOD_DT`,`MOD_ID`,`MOD_IP`,`REG_DT`,`REG_ID`,`REG_IP`) values ('201510061120209','admin','/data/DIDMANAGE/movie','4e1bcd813ea4bc9befc017933f94ecc9','mp4','video/mp4','M',103348854,0.0,null,null,'[MV] Gain(가인) _ Fxxk U (Feat. Bumkey).mp4','9','1','Y','N','N','20151006112020','2015-10-06 11:20:20','admin','0:0:0:0:0:0:0:1','2015-10-06 11:20:20','admin','0:0:0:0:0:0:0:1');
insert into `file_info`(`FILE_ID`,`USER_ID`,`FILE_PATH`,`FILE_NM`,`FILE_EXT`,`FILE_CONT_TYPE`,`FILE_TYPE`,`FILE_SIZE`,`FILE_TM`,`FILE_WIDTH`,`FILE_HEIGHT`,`ORG_FILE_NM`,`OPEN_RAN`,`CORP_ID`,`USE_YN`,`DEL_YN`,`FOOD_YN`,`LAST_MOD_DT`,`MOD_DT`,`MOD_ID`,`MOD_IP`,`REG_DT`,`REG_ID`,`REG_IP`) values ('201510061121181','admin','/data/DIDMANAGE/image','2f57f077baf4047d2ab3310997f6b5d3','jpg','image/jpeg','I',1336995,0.0,1500,1000,'04-고추장불고기.JPG','9','1','Y','N','N','20151006112118','2015-10-06 11:21:18','admin','0:0:0:0:0:0:0:1','2015-10-06 11:21:18','admin','0:0:0:0:0:0:0:1');
insert into `file_info`(`FILE_ID`,`USER_ID`,`FILE_PATH`,`FILE_NM`,`FILE_EXT`,`FILE_CONT_TYPE`,`FILE_TYPE`,`FILE_SIZE`,`FILE_TM`,`FILE_WIDTH`,`FILE_HEIGHT`,`ORG_FILE_NM`,`OPEN_RAN`,`CORP_ID`,`USE_YN`,`DEL_YN`,`FOOD_YN`,`LAST_MOD_DT`,`MOD_DT`,`MOD_ID`,`MOD_IP`,`REG_DT`,`REG_ID`,`REG_IP`) values ('201510061121182','admin','/data/DIDMANAGE/image','525922c4a1e5859a34a381a9d81640f7','bmp','image/bmp','I',2101304,0.0,912,768,'남성주_번호_1.BMP','9','1','Y','N','N','20151006112118','2015-10-06 11:21:18','admin','0:0:0:0:0:0:0:1','2015-10-06 11:21:18','admin','0:0:0:0:0:0:0:1');
insert into `file_info`(`FILE_ID`,`USER_ID`,`FILE_PATH`,`FILE_NM`,`FILE_EXT`,`FILE_CONT_TYPE`,`FILE_TYPE`,`FILE_SIZE`,`FILE_TM`,`FILE_WIDTH`,`FILE_HEIGHT`,`ORG_FILE_NM`,`OPEN_RAN`,`CORP_ID`,`USE_YN`,`DEL_YN`,`FOOD_YN`,`LAST_MOD_DT`,`MOD_DT`,`MOD_ID`,`MOD_IP`,`REG_DT`,`REG_ID`,`REG_IP`) values ('201510061121185','admin','/data/DIDMANAGE/image','5f9e64bfdbd75c2d74eae9a0ddc18f41','png','image/png','I',263050,0.0,1360,768,'남성주_영상_1.png','9','1','Y','N','N','20151006112118','2015-10-06 11:21:18','admin','0:0:0:0:0:0:0:1','2015-10-06 11:21:18','admin','0:0:0:0:0:0:0:1');
insert into `file_info`(`FILE_ID`,`USER_ID`,`FILE_PATH`,`FILE_NM`,`FILE_EXT`,`FILE_CONT_TYPE`,`FILE_TYPE`,`FILE_SIZE`,`FILE_TM`,`FILE_WIDTH`,`FILE_HEIGHT`,`ORG_FILE_NM`,`OPEN_RAN`,`CORP_ID`,`USE_YN`,`DEL_YN`,`FOOD_YN`,`LAST_MOD_DT`,`MOD_DT`,`MOD_ID`,`MOD_IP`,`REG_DT`,`REG_ID`,`REG_IP`) values ('201510061121237','admin','/data/DIDMANAGE/image','5822ab47df7e502f32cc8ff4fed1cabe','jpg','image/jpeg','I',1180114,0.0,1500,1000,'12-불고기덮밥.JPG','9','1','Y','N','N','20151006112123','2015-10-06 11:21:23','admin','0:0:0:0:0:0:0:1','2015-10-06 11:21:23','admin','0:0:0:0:0:0:0:1');
insert into `file_info`(`FILE_ID`,`USER_ID`,`FILE_PATH`,`FILE_NM`,`FILE_EXT`,`FILE_CONT_TYPE`,`FILE_TYPE`,`FILE_SIZE`,`FILE_TM`,`FILE_WIDTH`,`FILE_HEIGHT`,`ORG_FILE_NM`,`OPEN_RAN`,`CORP_ID`,`USE_YN`,`DEL_YN`,`FOOD_YN`,`LAST_MOD_DT`,`MOD_DT`,`MOD_ID`,`MOD_IP`,`REG_DT`,`REG_ID`,`REG_IP`) values ('201510061121238','admin','/data/DIDMANAGE/image','bf51d2d056e812f1921ebce615c0eb80','jpg','image/jpeg','I',5632547,0.0,3544,3120,'DID_갈비탕.jpg','9','1','Y','N','N','20151006112123','2015-10-06 11:21:23','admin','0:0:0:0:0:0:0:1','2015-10-06 11:21:23','admin','0:0:0:0:0:0:0:1');
insert into `file_info`(`FILE_ID`,`USER_ID`,`FILE_PATH`,`FILE_NM`,`FILE_EXT`,`FILE_CONT_TYPE`,`FILE_TYPE`,`FILE_SIZE`,`FILE_TM`,`FILE_WIDTH`,`FILE_HEIGHT`,`ORG_FILE_NM`,`OPEN_RAN`,`CORP_ID`,`USE_YN`,`DEL_YN`,`FOOD_YN`,`LAST_MOD_DT`,`MOD_DT`,`MOD_ID`,`MOD_IP`,`REG_DT`,`REG_ID`,`REG_IP`) values ('201510061127497','admin','/data/DIDMANAGE/movie','661a8846cddb8424f6965d28f49de797','mp4','video/mp4','M',12343609,0.0,null,null,'문산_양식_번호_140918.mp4','9','1','Y','N','N','20151006112749','2015-10-06 11:27:49','admin','0:0:0:0:0:0:0:1','2015-10-06 11:27:49','admin','0:0:0:0:0:0:0:1');
insert into `file_info`(`FILE_ID`,`USER_ID`,`FILE_PATH`,`FILE_NM`,`FILE_EXT`,`FILE_CONT_TYPE`,`FILE_TYPE`,`FILE_SIZE`,`FILE_TM`,`FILE_WIDTH`,`FILE_HEIGHT`,`ORG_FILE_NM`,`OPEN_RAN`,`CORP_ID`,`USE_YN`,`DEL_YN`,`FOOD_YN`,`LAST_MOD_DT`,`MOD_DT`,`MOD_ID`,`MOD_IP`,`REG_DT`,`REG_ID`,`REG_IP`) values ('201510061127501','admin','/data/DIDMANAGE/movie','bd3b536b166d566d196217495d72bf0d','mp4','video/mp4','M',26938903,0.0,null,null,'문산_우동-라면_번호_140918.mp4','9','1','Y','N','N','20151006112750','2015-10-06 11:27:50','admin','0:0:0:0:0:0:0:1','2015-10-06 11:27:50','admin','0:0:0:0:0:0:0:1');
insert into `file_info`(`FILE_ID`,`USER_ID`,`FILE_PATH`,`FILE_NM`,`FILE_EXT`,`FILE_CONT_TYPE`,`FILE_TYPE`,`FILE_SIZE`,`FILE_TM`,`FILE_WIDTH`,`FILE_HEIGHT`,`ORG_FILE_NM`,`OPEN_RAN`,`CORP_ID`,`USE_YN`,`DEL_YN`,`FOOD_YN`,`LAST_MOD_DT`,`MOD_DT`,`MOD_ID`,`MOD_IP`,`REG_DT`,`REG_ID`,`REG_IP`) values ('201510061127503','admin','/data/DIDMANAGE/movie','b89fcff4ec28338b2147d52ca6c6c143','mp4','video/mp4','M',26938903,0.0,null,null,'문산_우동-라면_번호_140918.mp4','9','1','Y','N','N','20151006112750','2015-10-06 11:27:50','admin','0:0:0:0:0:0:0:1','2015-10-06 11:27:50','admin','0:0:0:0:0:0:0:1');
insert into `file_info`(`FILE_ID`,`USER_ID`,`FILE_PATH`,`FILE_NM`,`FILE_EXT`,`FILE_CONT_TYPE`,`FILE_TYPE`,`FILE_SIZE`,`FILE_TM`,`FILE_WIDTH`,`FILE_HEIGHT`,`ORG_FILE_NM`,`OPEN_RAN`,`CORP_ID`,`USE_YN`,`DEL_YN`,`FOOD_YN`,`LAST_MOD_DT`,`MOD_DT`,`MOD_ID`,`MOD_IP`,`REG_DT`,`REG_ID`,`REG_IP`) values ('201510061127504','admin','/data/DIDMANAGE/movie','a96c9bc37d688a9e9f673eddd2c3e325','mp4','video/mp4','M',20277231,0.0,null,null,'문산_한식_번호_140918.mp4','9','1','Y','N','N','20151006112750','2015-10-06 11:27:50','admin','0:0:0:0:0:0:0:1','2015-10-06 11:27:50','admin','0:0:0:0:0:0:0:1');
insert into `file_info`(`FILE_ID`,`USER_ID`,`FILE_PATH`,`FILE_NM`,`FILE_EXT`,`FILE_CONT_TYPE`,`FILE_TYPE`,`FILE_SIZE`,`FILE_TM`,`FILE_WIDTH`,`FILE_HEIGHT`,`ORG_FILE_NM`,`OPEN_RAN`,`CORP_ID`,`USE_YN`,`DEL_YN`,`FOOD_YN`,`LAST_MOD_DT`,`MOD_DT`,`MOD_ID`,`MOD_IP`,`REG_DT`,`REG_ID`,`REG_IP`) values ('201510061127506','admin','/data/DIDMANAGE/movie','5832e80dee27f0db25b4e0b68d64a529','mp4','video/mp4','M',18961019,0.0,null,null,'문산_양식_영상_140918.mp4','9','1','Y','N','N','20151006112750','2015-10-06 11:27:50','admin','0:0:0:0:0:0:0:1','2015-10-06 11:27:50','admin','0:0:0:0:0:0:0:1');
insert into `file_info`(`FILE_ID`,`USER_ID`,`FILE_PATH`,`FILE_NM`,`FILE_EXT`,`FILE_CONT_TYPE`,`FILE_TYPE`,`FILE_SIZE`,`FILE_TM`,`FILE_WIDTH`,`FILE_HEIGHT`,`ORG_FILE_NM`,`OPEN_RAN`,`CORP_ID`,`USE_YN`,`DEL_YN`,`FOOD_YN`,`LAST_MOD_DT`,`MOD_DT`,`MOD_ID`,`MOD_IP`,`REG_DT`,`REG_ID`,`REG_IP`) values ('201510061127512','admin','/data/DIDMANAGE/movie','90bc3dc16a96a8735bff98077419c9c9','mp4','video/mp4','M',21309224,0.0,null,null,'문산_한식_영상_140918.mp4','9','1','Y','N','N','20151006112751','2015-10-06 11:27:51','admin','0:0:0:0:0:0:0:1','2015-10-06 11:27:51','admin','0:0:0:0:0:0:0:1');
insert into `file_info`(`FILE_ID`,`USER_ID`,`FILE_PATH`,`FILE_NM`,`FILE_EXT`,`FILE_CONT_TYPE`,`FILE_TYPE`,`FILE_SIZE`,`FILE_TM`,`FILE_WIDTH`,`FILE_HEIGHT`,`ORG_FILE_NM`,`OPEN_RAN`,`CORP_ID`,`USE_YN`,`DEL_YN`,`FOOD_YN`,`LAST_MOD_DT`,`MOD_DT`,`MOD_ID`,`MOD_IP`,`REG_DT`,`REG_ID`,`REG_IP`) values ('201510061129105','admin','/data/DIDMANAGE/image','7a1fd7abbcb8aa0d88842b45de34dca2','png','image/png','I',268840,0.0,1360,768,'남성주_영상_BG.png','1','1','Y','N','N','20151006112910','2015-10-06 11:29:10','admin','0:0:0:0:0:0:0:1','2015-10-06 11:29:10','admin','0:0:0:0:0:0:0:1');
insert into `file_info`(`FILE_ID`,`USER_ID`,`FILE_PATH`,`FILE_NM`,`FILE_EXT`,`FILE_CONT_TYPE`,`FILE_TYPE`,`FILE_SIZE`,`FILE_TM`,`FILE_WIDTH`,`FILE_HEIGHT`,`ORG_FILE_NM`,`OPEN_RAN`,`CORP_ID`,`USE_YN`,`DEL_YN`,`FOOD_YN`,`LAST_MOD_DT`,`MOD_DT`,`MOD_ID`,`MOD_IP`,`REG_DT`,`REG_ID`,`REG_IP`) values ('201510061129107','admin','/data/DIDMANAGE/image','e67d5ef88e8fa9c78c1b88126c66c4e3','png','image/png','I',233325,0.0,912,768,'남성주_번호.png','1','1','Y','N','N','20151006112910','2015-10-06 11:29:10','admin','0:0:0:0:0:0:0:1','2015-10-06 11:29:10','admin','0:0:0:0:0:0:0:1');
insert into `file_info`(`FILE_ID`,`USER_ID`,`FILE_PATH`,`FILE_NM`,`FILE_EXT`,`FILE_CONT_TYPE`,`FILE_TYPE`,`FILE_SIZE`,`FILE_TM`,`FILE_WIDTH`,`FILE_HEIGHT`,`ORG_FILE_NM`,`OPEN_RAN`,`CORP_ID`,`USE_YN`,`DEL_YN`,`FOOD_YN`,`LAST_MOD_DT`,`MOD_DT`,`MOD_ID`,`MOD_IP`,`REG_DT`,`REG_ID`,`REG_IP`) values ('201510061129109','admin','/data/DIDMANAGE/image','766eda902101e28d36c7da4a8ea23acd','bmp','image/bmp','I',3133496,0.0,1360,768,'남성주_영상_1.bmp','9','1','Y','N','N','20151006112910','2015-10-06 11:29:10','admin','0:0:0:0:0:0:0:1','2015-10-06 11:29:10','admin','0:0:0:0:0:0:0:1');
insert into `file_info`(`FILE_ID`,`USER_ID`,`FILE_PATH`,`FILE_NM`,`FILE_EXT`,`FILE_CONT_TYPE`,`FILE_TYPE`,`FILE_SIZE`,`FILE_TM`,`FILE_WIDTH`,`FILE_HEIGHT`,`ORG_FILE_NM`,`OPEN_RAN`,`CORP_ID`,`USE_YN`,`DEL_YN`,`FOOD_YN`,`LAST_MOD_DT`,`MOD_DT`,`MOD_ID`,`MOD_IP`,`REG_DT`,`REG_ID`,`REG_IP`) values ('201510061129112','admin','/data/DIDMANAGE/image','5fddcd010c645653716b627404bef34b','png','image/png','I',228909,0.0,912,768,'남성주_번호_1.PNG','0','1','Y','N','N','20151006112911','2015-10-06 11:29:11','admin','0:0:0:0:0:0:0:1','2015-10-06 11:29:11','admin','0:0:0:0:0:0:0:1');
insert into `file_info`(`FILE_ID`,`USER_ID`,`FILE_PATH`,`FILE_NM`,`FILE_EXT`,`FILE_CONT_TYPE`,`FILE_TYPE`,`FILE_SIZE`,`FILE_TM`,`FILE_WIDTH`,`FILE_HEIGHT`,`ORG_FILE_NM`,`OPEN_RAN`,`CORP_ID`,`USE_YN`,`DEL_YN`,`FOOD_YN`,`LAST_MOD_DT`,`MOD_DT`,`MOD_ID`,`MOD_IP`,`REG_DT`,`REG_ID`,`REG_IP`) values ('201510061129117','admin','/data/DIDMANAGE/image','b38adf2eb69f74747aef81cf4d9f53b8','bmp','image/bmp','I',2101304,0.0,912,768,'남성주_번호 copy.BMP','0','1','Y','N','N','20151006112911','2015-10-06 11:29:11','admin','0:0:0:0:0:0:0:1','2015-10-06 11:29:11','admin','0:0:0:0:0:0:0:1');
insert into `file_info`(`FILE_ID`,`USER_ID`,`FILE_PATH`,`FILE_NM`,`FILE_EXT`,`FILE_CONT_TYPE`,`FILE_TYPE`,`FILE_SIZE`,`FILE_TM`,`FILE_WIDTH`,`FILE_HEIGHT`,`ORG_FILE_NM`,`OPEN_RAN`,`CORP_ID`,`USE_YN`,`DEL_YN`,`FOOD_YN`,`LAST_MOD_DT`,`MOD_DT`,`MOD_ID`,`MOD_IP`,`REG_DT`,`REG_ID`,`REG_IP`) values ('201510061151194','test8','/data/DIDMANAGE/image','6111ad4315945ad7c482f779bfe52068','png','image/png','I',228909,0.0,912,768,'남성주_번호_1.PNG','1','15','Y','N','N','20151006115119','2015-10-06 11:51:19','test8','0:0:0:0:0:0:0:1','2015-10-06 11:51:19','test8','0:0:0:0:0:0:0:1');
insert into `file_info`(`FILE_ID`,`USER_ID`,`FILE_PATH`,`FILE_NM`,`FILE_EXT`,`FILE_CONT_TYPE`,`FILE_TYPE`,`FILE_SIZE`,`FILE_TM`,`FILE_WIDTH`,`FILE_HEIGHT`,`ORG_FILE_NM`,`OPEN_RAN`,`CORP_ID`,`USE_YN`,`DEL_YN`,`FOOD_YN`,`LAST_MOD_DT`,`MOD_DT`,`MOD_ID`,`MOD_IP`,`REG_DT`,`REG_ID`,`REG_IP`) values ('201510061151203','test8','/data/DIDMANAGE/image','76b67e8c158312fa85461096073ddf37','png','image/png','I',263050,0.0,1360,768,'남성주_영상_1.png','0','15','Y','N','N','20151006115120','2015-10-06 11:51:20','test8','0:0:0:0:0:0:0:1','2015-10-06 11:51:20','test8','0:0:0:0:0:0:0:1');
insert into `file_info`(`FILE_ID`,`USER_ID`,`FILE_PATH`,`FILE_NM`,`FILE_EXT`,`FILE_CONT_TYPE`,`FILE_TYPE`,`FILE_SIZE`,`FILE_TM`,`FILE_WIDTH`,`FILE_HEIGHT`,`ORG_FILE_NM`,`OPEN_RAN`,`CORP_ID`,`USE_YN`,`DEL_YN`,`FOOD_YN`,`LAST_MOD_DT`,`MOD_DT`,`MOD_ID`,`MOD_IP`,`REG_DT`,`REG_ID`,`REG_IP`) values ('201510061152223','test9','/data/DIDMANAGE/image','5891aa1a998b68b9ad61fce39188e32f','jpg','image/jpeg','I',1180114,0.0,1500,1000,'12-불고기덮밥.JPG','1','16','Y','N','N','20151006115222','2015-10-06 11:52:22','test9','0:0:0:0:0:0:0:1','2015-10-06 11:52:22','test9','0:0:0:0:0:0:0:1');
insert into `file_info`(`FILE_ID`,`USER_ID`,`FILE_PATH`,`FILE_NM`,`FILE_EXT`,`FILE_CONT_TYPE`,`FILE_TYPE`,`FILE_SIZE`,`FILE_TM`,`FILE_WIDTH`,`FILE_HEIGHT`,`ORG_FILE_NM`,`OPEN_RAN`,`CORP_ID`,`USE_YN`,`DEL_YN`,`FOOD_YN`,`LAST_MOD_DT`,`MOD_DT`,`MOD_ID`,`MOD_IP`,`REG_DT`,`REG_ID`,`REG_IP`) values ('201510061152226','test9','/data/DIDMANAGE/image','7d5c2cf26f2dccd506b51cce180e6a09','jpg','image/jpeg','I',1336995,0.0,1500,1000,'04-고추장불고기.JPG','9','16','Y','N','N','20151006115222','2015-10-06 11:52:22','test9','0:0:0:0:0:0:0:1','2015-10-06 11:52:22','test9','0:0:0:0:0:0:0:1');
insert into `file_info`(`FILE_ID`,`USER_ID`,`FILE_PATH`,`FILE_NM`,`FILE_EXT`,`FILE_CONT_TYPE`,`FILE_TYPE`,`FILE_SIZE`,`FILE_TM`,`FILE_WIDTH`,`FILE_HEIGHT`,`ORG_FILE_NM`,`OPEN_RAN`,`CORP_ID`,`USE_YN`,`DEL_YN`,`FOOD_YN`,`LAST_MOD_DT`,`MOD_DT`,`MOD_ID`,`MOD_IP`,`REG_DT`,`REG_ID`,`REG_IP`) values ('201510061152268','test9','/data/DIDMANAGE/image','c7b92bfdf9718d1433977f06abea3705','jpg','image/jpeg','I',5632547,0.0,3544,3120,'DID_갈비탕.jpg','0','16','Y','N','N','20151006115226','2015-10-06 11:52:26','test9','0:0:0:0:0:0:0:1','2015-10-06 11:52:26','test9','0:0:0:0:0:0:0:1');
insert into `file_info`(`FILE_ID`,`USER_ID`,`FILE_PATH`,`FILE_NM`,`FILE_EXT`,`FILE_CONT_TYPE`,`FILE_TYPE`,`FILE_SIZE`,`FILE_TM`,`FILE_WIDTH`,`FILE_HEIGHT`,`ORG_FILE_NM`,`OPEN_RAN`,`CORP_ID`,`USE_YN`,`DEL_YN`,`FOOD_YN`,`LAST_MOD_DT`,`MOD_DT`,`MOD_ID`,`MOD_IP`,`REG_DT`,`REG_ID`,`REG_IP`) values ('201510061153141','test10','/data/DIDMANAGE/image','d20250b97f0269152fe68472f5a9c079','bmp','image/bmp','I',2101304,0.0,912,768,'남성주_번호 copy.BMP','9','19','Y','N','N','20151006115314','2015-10-06 11:53:14','test10','0:0:0:0:0:0:0:1','2015-10-06 11:53:14','test10','0:0:0:0:0:0:0:1');

delete from news_lst;
insert into `news_lst`(`PROVIDE_CD`,`NEWS_TIME`,`SEQ`,`SUBJECT`,`LINK`,`CATEGORY`,`PUBDATE`) values ('YONHAP','20151029193621',1,'대우조선에 4조2천억원 규모 유동성 지원한다','http://m.yna.co.kr/kr/contents/?cid=AKR20151029123051002&input=ktiframe','201','Thu, 29 Oct 2015 17:36:47 +0900');
insert into `news_lst`(`PROVIDE_CD`,`NEWS_TIME`,`SEQ`,`SUBJECT`,`LINK`,`CATEGORY`,`PUBDATE`) values ('YONHAP','20151029193621',2,'국방위 소위, 670억 KF-X 예산 정부원안 통과','http://m.yna.co.kr/kr/contents/?cid=AKR20151029199700001&input=ktiframe','101','Thu, 29 Oct 2015 17:43:45 +0900');
insert into `news_lst`(`PROVIDE_CD`,`NEWS_TIME`,`SEQ`,`SUBJECT`,`LINK`,`CATEGORY`,`PUBDATE`) values ('YONHAP','20151029193621',3,'청와대 "한일 정상회담서 당당하게 할말 다할 것"','http://m.yna.co.kr/kr/contents/?cid=AKR20151029095300001&input=ktiframe','101','Thu, 29 Oct 2015 12:05:49 +0900');
insert into `news_lst`(`PROVIDE_CD`,`NEWS_TIME`,`SEQ`,`SUBJECT`,`LINK`,`CATEGORY`,`PUBDATE`) values ('YONHAP','20151029193621',4,'기혼자 10명중 4명 "배우자와 대화 하루 30분 이하"','http://m.yna.co.kr/kr/contents/?cid=AKR20151029184200017&input=ktiframe','201','Thu, 29 Oct 2015 16:50:31 +0900');
insert into `news_lst`(`PROVIDE_CD`,`NEWS_TIME`,`SEQ`,`SUBJECT`,`LINK`,`CATEGORY`,`PUBDATE`) values ('YONHAP','20151029193621',5,'방사청, ''소해함'' 계약 미보증으로 637억 날릴판','http://m.yna.co.kr/kr/contents/?cid=AKR20151029111200001&input=ktiframe','101','Thu, 29 Oct 2015 14:30:51 +0900');
insert into `news_lst`(`PROVIDE_CD`,`NEWS_TIME`,`SEQ`,`SUBJECT`,`LINK`,`CATEGORY`,`PUBDATE`) values ('YONHAP','20151029193621',6,'전교조교사 대량징계?…교육부 시국선언에 강경대응','http://m.yna.co.kr/kr/contents/?cid=AKR20151029121651004&input=ktiframe','301','Thu, 29 Oct 2015 15:38:36 +0900');
insert into `news_lst`(`PROVIDE_CD`,`NEWS_TIME`,`SEQ`,`SUBJECT`,`LINK`,`CATEGORY`,`PUBDATE`) values ('YONHAP','20151029193621',7,'허송세월 예산·법안심사…졸속심의·날림처리 우려','http://m.yna.co.kr/kr/contents/?cid=AKR20151029107800001&input=ktiframe','101','Thu, 29 Oct 2015 12:20:20 +0900');
insert into `news_lst`(`PROVIDE_CD`,`NEWS_TIME`,`SEQ`,`SUBJECT`,`LINK`,`CATEGORY`,`PUBDATE`) values ('YONHAP','20151029193621',8,'계좌이동제 스타트…은행권 ''계좌 전쟁'' 시작됐다','http://m.yna.co.kr/kr/contents/?cid=AKR20151029159400002&input=ktiframe','201','Thu, 29 Oct 2015 15:35:34 +0900');
insert into `news_lst`(`PROVIDE_CD`,`NEWS_TIME`,`SEQ`,`SUBJECT`,`LINK`,`CATEGORY`,`PUBDATE`) values ('YONHAP','20151029193621',9,'북한산·남산 조망 보호…한강아파트 35층으로 제한','http://m.yna.co.kr/kr/contents/?cid=AKR20151029080551004&input=ktiframe','301','Thu, 29 Oct 2015 15:30:08 +0900');
insert into `news_lst`(`PROVIDE_CD`,`NEWS_TIME`,`SEQ`,`SUBJECT`,`LINK`,`CATEGORY`,`PUBDATE`) values ('YONHAP','20151029193621',10,'아시아 사치품 물가 1위 도시는 상하이, 서울은 4위','http://m.yna.co.kr/kr/contents/?cid=AKR20151029207200074&input=ktiframe','701','Thu, 29 Oct 2015 18:27:05 +0900');
insert into `news_lst`(`PROVIDE_CD`,`NEWS_TIME`,`SEQ`,`SUBJECT`,`LINK`,`CATEGORY`,`PUBDATE`) values ('YONHAP','20151029193621',11,'코스피, 미국 금리 우려에 2,030선 후퇴','http://m.yna.co.kr/kr/contents/?cid=AKR20151029158951008&input=ktiframe','201','Thu, 29 Oct 2015 18:11:28 +0900');
insert into `news_lst`(`PROVIDE_CD`,`NEWS_TIME`,`SEQ`,`SUBJECT`,`LINK`,`CATEGORY`,`PUBDATE`) values ('YONHAP','20151029193621',12,'정부, 지역인재 9급 수습직원 150명 선발…고졸 85%','http://m.yna.co.kr/kr/contents/?cid=AKR20151029163100001&input=ktiframe','101','Thu, 29 Oct 2015 18:00:00 +0900');
insert into `news_lst`(`PROVIDE_CD`,`NEWS_TIME`,`SEQ`,`SUBJECT`,`LINK`,`CATEGORY`,`PUBDATE`) values ('YONHAP','20151029193621',13,'검찰 "포스코 회장 선임에 이상득·박영준 개입"','http://m.yna.co.kr/kr/contents/?cid=AKR20151029117952004&input=ktiframe','301','Thu, 29 Oct 2015 17:06:03 +0900');
insert into `news_lst`(`PROVIDE_CD`,`NEWS_TIME`,`SEQ`,`SUBJECT`,`LINK`,`CATEGORY`,`PUBDATE`) values ('YONHAP','20151029193621',14,'삼성전자 11조대 자사주 매입…이재용식 ''주주친화''','http://m.yna.co.kr/kr/contents/?cid=AKR20151029048052003&input=ktiframe','201','Thu, 29 Oct 2015 17:05:16 +0900');
insert into `news_lst`(`PROVIDE_CD`,`NEWS_TIME`,`SEQ`,`SUBJECT`,`LINK`,`CATEGORY`,`PUBDATE`) values ('YONHAP','20151029193621',15,'삼성 화학계열사 모두 정리…롯데에 넘긴다','http://m.yna.co.kr/kr/contents/?cid=AKR20151029211351003&input=ktiframe','201','Thu, 29 Oct 2015 19:06:55 +0900');
insert into `news_lst`(`PROVIDE_CD`,`NEWS_TIME`,`SEQ`,`SUBJECT`,`LINK`,`CATEGORY`,`PUBDATE`) values ('YONHAP','20151029193621',16,'''발암우려'' 햄·소시지도 적정량 섭취 바람직','http://m.yna.co.kr/kr/contents/?cid=AKR20151029177100017&input=ktiframe','201','Thu, 29 Oct 2015 16:30:43 +0900');
insert into `news_lst`(`PROVIDE_CD`,`NEWS_TIME`,`SEQ`,`SUBJECT`,`LINK`,`CATEGORY`,`PUBDATE`) values ('YONHAP','20151029193621',17,'''간첩사건 증거조작'' 국정원 과장 징역 4년 확정','http://m.yna.co.kr/kr/contents/?cid=AKR20151029143351004&input=ktiframe','301','Thu, 29 Oct 2015 16:46:26 +0900');
insert into `news_lst`(`PROVIDE_CD`,`NEWS_TIME`,`SEQ`,`SUBJECT`,`LINK`,`CATEGORY`,`PUBDATE`) values ('YONHAP','20151029193621',18,'대법 ''윤일병 폭행 사망'' 주범만 살인 혐의 인정','http://m.yna.co.kr/kr/contents/?cid=AKR20151029081153004&input=ktiframe','301','Thu, 29 Oct 2015 13:38:02 +0900');
insert into `news_lst`(`PROVIDE_CD`,`NEWS_TIME`,`SEQ`,`SUBJECT`,`LINK`,`CATEGORY`,`PUBDATE`) values ('YONHAP','20151029193621',19,'''농약사이다 사건'' 참여재판…수사서류 공개 공방','http://m.yna.co.kr/kr/contents/?cid=AKR20151029170300053&input=ktiframe','601','Thu, 29 Oct 2015 16:09:00 +0900');
insert into `news_lst`(`PROVIDE_CD`,`NEWS_TIME`,`SEQ`,`SUBJECT`,`LINK`,`CATEGORY`,`PUBDATE`) values ('YONHAP','20151029193621',20,'양구서 박격포 사격 중 산불…훈련 중단 소동','http://m.yna.co.kr/kr/contents/?cid=AKR20151029197851062&input=ktiframe','601','Thu, 29 Oct 2015 18:33:50 +0900');
insert into `news_lst`(`PROVIDE_CD`,`NEWS_TIME`,`SEQ`,`SUBJECT`,`LINK`,`CATEGORY`,`PUBDATE`) values ('YONHAP','20151029193621',21,'퍼시픽드릴링, 삼성중공업에 드릴십 인수취소 통보','http://m.yna.co.kr/kr/contents/?cid=AKR20151029209000003&input=ktiframe','201','Thu, 29 Oct 2015 18:28:10 +0900');
insert into `news_lst`(`PROVIDE_CD`,`NEWS_TIME`,`SEQ`,`SUBJECT`,`LINK`,`CATEGORY`,`PUBDATE`) values ('YONHAP','20151029193621',22,'슈미트 "기계가 인간 똑똑하게 하는 미래 온다"','http://m.yna.co.kr/kr/contents/?cid=AKR20151029206800017&input=ktiframe','201','Thu, 29 Oct 2015 18:19:01 +0900');
insert into `news_lst`(`PROVIDE_CD`,`NEWS_TIME`,`SEQ`,`SUBJECT`,`LINK`,`CATEGORY`,`PUBDATE`) values ('YONHAP','20151029193621',23,'샤넬 일부 핸드백 가격 다음달 6~7% 인상','http://m.yna.co.kr/kr/contents/?cid=AKR20151029204800030&input=ktiframe','201','Thu, 29 Oct 2015 18:07:07 +0900');
insert into `news_lst`(`PROVIDE_CD`,`NEWS_TIME`,`SEQ`,`SUBJECT`,`LINK`,`CATEGORY`,`PUBDATE`) values ('YONHAP','20151029193621',24,'청와대 경비 경찰 ''미성년자 성매매'' 의혹일자 잠적','http://m.yna.co.kr/kr/contents/?cid=AKR20151029207100065&input=ktiframe','601','Thu, 29 Oct 2015 18:26:15 +0900');
insert into `news_lst`(`PROVIDE_CD`,`NEWS_TIME`,`SEQ`,`SUBJECT`,`LINK`,`CATEGORY`,`PUBDATE`) values ('YONHAP','20151029193621',25,'''부품리콜·성적위조 파문'' 신고리 3호기 운영 허가','http://m.yna.co.kr/kr/contents/?cid=AKR20151029201800017&input=ktiframe','201','Thu, 29 Oct 2015 17:58:38 +0900');
insert into `news_lst`(`PROVIDE_CD`,`NEWS_TIME`,`SEQ`,`SUBJECT`,`LINK`,`CATEGORY`,`PUBDATE`) values ('YONHAP','20151029193621',26,'리커창-메르켈 회담…에어버스 130대 구매계약','http://m.yna.co.kr/kr/contents/?cid=AKR20151029185200083&input=ktiframe','701','Thu, 29 Oct 2015 17:34:55 +0900');
insert into `news_lst`(`PROVIDE_CD`,`NEWS_TIME`,`SEQ`,`SUBJECT`,`LINK`,`CATEGORY`,`PUBDATE`) values ('YONHAP','20151029193621',27,'공정위 ''갑질논란'' 편의점 가맹본부 무혐의 처분','http://m.yna.co.kr/kr/contents/?cid=AKR20151029192900002&input=ktiframe','201','Thu, 29 Oct 2015 17:18:53 +0900');
insert into `news_lst`(`PROVIDE_CD`,`NEWS_TIME`,`SEQ`,`SUBJECT`,`LINK`,`CATEGORY`,`PUBDATE`) values ('YONHAP','20151029193621',28,'한국 민사 사법제도 세계은행 평가 올해 2위','http://m.yna.co.kr/kr/contents/?cid=AKR20151029180400004&input=ktiframe','301','Thu, 29 Oct 2015 16:55:17 +0900');
insert into `news_lst`(`PROVIDE_CD`,`NEWS_TIME`,`SEQ`,`SUBJECT`,`LINK`,`CATEGORY`,`PUBDATE`) values ('YONHAP','20151029193621',29,'대법, 서울시 공무원 유우성씨 간첩 혐의 무죄 확정','http://m.yna.co.kr/kr/contents/?cid=AKR20151029077152004&input=ktiframe','301','Thu, 29 Oct 2015 17:00:01 +0900');
insert into `news_lst`(`PROVIDE_CD`,`NEWS_TIME`,`SEQ`,`SUBJECT`,`LINK`,`CATEGORY`,`PUBDATE`) values ('YONHAP','20151029193621',30,'박준영, 신민당 발기인대회…"12월 중 창당"','http://m.yna.co.kr/kr/contents/?cid=AKR20151029177800001&input=ktiframe','101','Thu, 29 Oct 2015 16:37:20 +0900');
insert into `news_lst`(`PROVIDE_CD`,`NEWS_TIME`,`SEQ`,`SUBJECT`,`LINK`,`CATEGORY`,`PUBDATE`) values ('YONHAP','20151029193621',31,'지방대생 56% "지역내 중소기업 취업, 고려 안한다"','http://m.yna.co.kr/kr/contents/?cid=AKR20151029179000004&input=ktiframe','301','Thu, 29 Oct 2015 16:27:36 +0900');
insert into `news_lst`(`PROVIDE_CD`,`NEWS_TIME`,`SEQ`,`SUBJECT`,`LINK`,`CATEGORY`,`PUBDATE`) values ('YONHAP','20151029193621',32,'잔류농약 기준 초과한 중국산 마늘쫑 회수','http://m.yna.co.kr/kr/contents/?cid=AKR20151029173800017&input=ktiframe','201','Thu, 29 Oct 2015 16:10:37 +0900');
insert into `news_lst`(`PROVIDE_CD`,`NEWS_TIME`,`SEQ`,`SUBJECT`,`LINK`,`CATEGORY`,`PUBDATE`) values ('YONHAP','20151029193621',33,'장기미사용 거래중지계좌, 전화 한 통으로 해지','http://m.yna.co.kr/kr/contents/?cid=AKR20151029078400002&input=ktiframe','201','Thu, 29 Oct 2015 12:00:00 +0900');
insert into `news_lst`(`PROVIDE_CD`,`NEWS_TIME`,`SEQ`,`SUBJECT`,`LINK`,`CATEGORY`,`PUBDATE`) values ('YONHAP','20151029193621',34,'-LPGA- 세계랭킹1위 리디아 고, 시즌 최악의 플레이','http://m.yna.co.kr/kr/contents/?cid=AKR20151029197751007&input=ktiframe','501','Thu, 29 Oct 2015 19:06:19 +0900');
insert into `news_lst`(`PROVIDE_CD`,`NEWS_TIME`,`SEQ`,`SUBJECT`,`LINK`,`CATEGORY`,`PUBDATE`) values ('YONHAP','20151029193621',35,'슈틸리케호, 내달 2일 미얀마·라오스전 명단 발표','http://m.yna.co.kr/kr/contents/?cid=AKR20151029153300007&input=ktiframe','501','Thu, 29 Oct 2015 15:13:57 +0900');
insert into `news_lst`(`PROVIDE_CD`,`NEWS_TIME`,`SEQ`,`SUBJECT`,`LINK`,`CATEGORY`,`PUBDATE`) values ('YONHAP','20151029193621',36,'강동원 "''검은 사제들'' 잘 되면 속편 만들 수도"','http://m.yna.co.kr/kr/contents/?cid=AKR20151029149100005&input=ktiframe','401','Thu, 29 Oct 2015 15:10:28 +0900');
insert into `news_lst`(`PROVIDE_CD`,`NEWS_TIME`,`SEQ`,`SUBJECT`,`LINK`,`CATEGORY`,`PUBDATE`) values ('YONHAP','20151029193621',37,'유쾌한 인간 갱생기…MBC 새아침 ''내일도 승리''','http://m.yna.co.kr/kr/contents/?cid=AKR20151029149400033&input=ktiframe','001','Thu, 29 Oct 2015 15:07:53 +0900');
insert into `news_lst`(`PROVIDE_CD`,`NEWS_TIME`,`SEQ`,`SUBJECT`,`LINK`,`CATEGORY`,`PUBDATE`) values ('YONHAP','20151029193621',38,'혼자있는 시간, 여성 80% "편해" 남성 60% "외로워"','http://m.yna.co.kr/kr/contents/?cid=AKR20151029180800030&input=ktiframe','201','Thu, 29 Oct 2015 16:42:49 +0900');
insert into `news_lst`(`PROVIDE_CD`,`NEWS_TIME`,`SEQ`,`SUBJECT`,`LINK`,`CATEGORY`,`PUBDATE`) values ('YONHAP','20151029193621',39,'''아기 공장'' 인도, 외국인 위한 대리모 행위 금지','http://m.yna.co.kr/kr/contents/?cid=AKR20151029162800009&input=ktiframe','701','Thu, 29 Oct 2015 16:01:36 +0900');
insert into `news_lst`(`PROVIDE_CD`,`NEWS_TIME`,`SEQ`,`SUBJECT`,`LINK`,`CATEGORY`,`PUBDATE`) values ('YONHAP','20151029193621',40,'폴크스바겐 ''눈물의 폭탄세일''…최대1,700만원 할인','http://m.yna.co.kr/kr/contents/?cid=AKR20151029167100009&input=ktiframe','701','Thu, 29 Oct 2015 15:56:30 +0900');

delete from reso_auth;
insert into `reso_auth`(`RESO_ID`,`AUTH_ID`,`AUTH_NM`) values ('RES_000001','ANONYMOUS','아이콘');
insert into `reso_auth`(`RESO_ID`,`AUTH_ID`,`AUTH_NM`) values ('RES_000002','ANONYMOUS','이미지');
insert into `reso_auth`(`RESO_ID`,`AUTH_ID`,`AUTH_NM`) values ('RES_000003','ANONYMOUS','css');
insert into `reso_auth`(`RESO_ID`,`AUTH_ID`,`AUTH_NM`) values ('RES_000004','ANONYMOUS','js');
insert into `reso_auth`(`RESO_ID`,`AUTH_ID`,`AUTH_NM`) values ('RES_000005','ANONYMOUS','htm');
insert into `reso_auth`(`RESO_ID`,`AUTH_ID`,`AUTH_NM`) values ('RES_000006','ANONYMOUS','jsp');
insert into `reso_auth`(`RESO_ID`,`AUTH_ID`,`AUTH_NM`) values ('RES_000007','ANONYMOUS','로그인,로그아웃');
insert into `reso_auth`(`RESO_ID`,`AUTH_ID`,`AUTH_NM`) values ('RES_000008','RESTUSER','관리페이지');
insert into `reso_auth`(`RESO_ID`,`AUTH_ID`,`AUTH_NM`) values ('RES_000009','RESTUSER','레이아웃 페이지');
insert into `reso_auth`(`RESO_ID`,`AUTH_ID`,`AUTH_NM`) values ('RES_000010','AUTHENTICATED','개인정보수정');
insert into `reso_auth`(`RESO_ID`,`AUTH_ID`,`AUTH_NM`) values ('RES_000011','ANONYMOUS','파일다운로드');
insert into `reso_auth`(`RESO_ID`,`AUTH_ID`,`AUTH_NM`) values ('RES_000012','AUTHENTICATED','검색');

delete from reso_info;
insert into `reso_info`(`RESO_ID`,`RESO_NM`,`RESO_PTN`,`RESO_TP`,`RESO_ORD`) values ('RES_000001','아이콘','/*.ico','url',10);
insert into `reso_info`(`RESO_ID`,`RESO_NM`,`RESO_PTN`,`RESO_TP`,`RESO_ORD`) values ('RES_000002','이미지','/images/**/*','url',20);
insert into `reso_info`(`RESO_ID`,`RESO_NM`,`RESO_PTN`,`RESO_TP`,`RESO_ORD`) values ('RES_000003','css','/**/*.css','url',30);
insert into `reso_info`(`RESO_ID`,`RESO_NM`,`RESO_PTN`,`RESO_TP`,`RESO_ORD`) values ('RES_000004','js','/**/*.js','url',40);
insert into `reso_info`(`RESO_ID`,`RESO_NM`,`RESO_PTN`,`RESO_TP`,`RESO_ORD`) values ('RES_000005','htm','/**/*.htm*','url',50);
insert into `reso_info`(`RESO_ID`,`RESO_NM`,`RESO_PTN`,`RESO_TP`,`RESO_ORD`) values ('RES_000006','jsp','/*.jsp','url',60);
insert into `reso_info`(`RESO_ID`,`RESO_NM`,`RESO_PTN`,`RESO_TP`,`RESO_ORD`) values ('RES_000007','로그인,로그아웃','/usr/lgn/*','url',70);
insert into `reso_info`(`RESO_ID`,`RESO_NM`,`RESO_PTN`,`RESO_TP`,`RESO_ORD`) values ('RES_000008','관리페이지','/mng/**/*','url',80);
insert into `reso_info`(`RESO_ID`,`RESO_NM`,`RESO_PTN`,`RESO_TP`,`RESO_ORD`) values ('RES_000009','레이아웃 페이지','/cmm/**/*','url',90);
insert into `reso_info`(`RESO_ID`,`RESO_NM`,`RESO_PTN`,`RESO_TP`,`RESO_ORD`) values ('RES_000010','개인정보수정','/usr/edt/mypage*.do','url',100);
insert into `reso_info`(`RESO_ID`,`RESO_NM`,`RESO_PTN`,`RESO_TP`,`RESO_ORD`) values ('RES_000011','파일다운로드','/common/downLoadFile.do','url',110);
insert into `reso_info`(`RESO_ID`,`RESO_NM`,`RESO_PTN`,`RESO_TP`,`RESO_ORD`) values ('RES_000012','검색','/cmm/sch/*','url',120);

delete from sam_level;
insert into `sam_level`(`ID`,`REF`,`STEP`,`LEVEL`,`SUBJECT`) values (1,1,0,0,'1');
insert into `sam_level`(`ID`,`REF`,`STEP`,`LEVEL`,`SUBJECT`) values (2,2,0,0,'2');
insert into `sam_level`(`ID`,`REF`,`STEP`,`LEVEL`,`SUBJECT`) values (3,2,1,1,'_2-1');
insert into `sam_level`(`ID`,`REF`,`STEP`,`LEVEL`,`SUBJECT`) values (4,2,4,1,'_2-2');
insert into `sam_level`(`ID`,`REF`,`STEP`,`LEVEL`,`SUBJECT`) values (5,2,2,2,'__2-1-1');
insert into `sam_level`(`ID`,`REF`,`STEP`,`LEVEL`,`SUBJECT`) values (6,2,5,2,'__2-2-1');
insert into `sam_level`(`ID`,`REF`,`STEP`,`LEVEL`,`SUBJECT`) values (7,2,3,3,'___2-1-1-1');

delete from test_table;
insert into `test_table`(`id`,`p_id`,`nm`) values (1,0,'왕');
insert into `test_table`(`id`,`p_id`,`nm`) values (2,1,'왕자');
insert into `test_table`(`id`,`p_id`,`nm`) values (3,1,'공주');
insert into `test_table`(`id`,`p_id`,`nm`) values (4,2,'왕자아들');
insert into `test_table`(`id`,`p_id`,`nm`) values (5,2,'왕자딸');
insert into `test_table`(`id`,`p_id`,`nm`) values (6,3,'공주아들');
insert into `test_table`(`id`,`p_id`,`nm`) values (7,6,'공주아들의 딸');
insert into `test_table`(`id`,`p_id`,`nm`) values (8,1,'배다른 형제');

delete from user_auth;
insert into `user_auth`(`USER_ID`,`AUTH_ID`) values ('admin','SUPERADMIN');
insert into `user_auth`(`USER_ID`,`AUTH_ID`) values ('test','SITEADMIN');
insert into `user_auth`(`USER_ID`,`AUTH_ID`) values ('test1','ROADADMIN');
insert into `user_auth`(`USER_ID`,`AUTH_ID`) values ('test10','RESTUSER');
insert into `user_auth`(`USER_ID`,`AUTH_ID`) values ('test2','RESTADMIN');
insert into `user_auth`(`USER_ID`,`AUTH_ID`) values ('test3','RESTUSER');
insert into `user_auth`(`USER_ID`,`AUTH_ID`) values ('test4','RESTUSER');
insert into `user_auth`(`USER_ID`,`AUTH_ID`) values ('test5','RESTADMIN');
insert into `user_auth`(`USER_ID`,`AUTH_ID`) values ('test6','RESTUSER');
insert into `user_auth`(`USER_ID`,`AUTH_ID`) values ('test7','RESTUSER');
insert into `user_auth`(`USER_ID`,`AUTH_ID`) values ('test8','ROADADMIN');
insert into `user_auth`(`USER_ID`,`AUTH_ID`) values ('test9','RESTADMIN');

delete from user_info;
insert into `user_info`(`USER_ID`,`CORP_ID`,`USER_NM`,`USER_PW`,`USER_EMAIL`,`USER_HP`,`USER_TEL`,`USER_AUTH`,`USE_YN`,`ACCESS_FAIL_CNT`,`MOD_DT`,`MOD_ID`,`MOD_IP`,`REG_DT`,`REG_ID`,`REG_IP`) values ('admin',1,'관리자','nWsxfLXl5mvIuk880vK8Z/1Wk7B4DyRNiTNi8eUbCgg=','sonys75@gmail.com','010-6477-2004','','0','Y',0,'2015-08-28 00:00:00','admin','0:0:0:0:0:0:0:1','2015-08-23 00:00:00','system','127.0.0.1');
insert into `user_info`(`USER_ID`,`CORP_ID`,`USER_NM`,`USER_PW`,`USER_EMAIL`,`USER_HP`,`USER_TEL`,`USER_AUTH`,`USE_YN`,`ACCESS_FAIL_CNT`,`MOD_DT`,`MOD_ID`,`MOD_IP`,`REG_DT`,`REG_ID`,`REG_IP`) values ('test',1,'test','WsY6Ygj95HiT6AjXehtHcsOX+ftyGMTTQCM63wmRl+o=','test@test.com','010-0000-0000','02-0000-0000','0','Y',0,'2015-09-08 23:13:36','admin','0:0:0:0:0:0:0:1','2015-09-08 17:46:58','admin','0:0:0:0:0:0:0:1');
insert into `user_info`(`USER_ID`,`CORP_ID`,`USER_NM`,`USER_PW`,`USER_EMAIL`,`USER_HP`,`USER_TEL`,`USER_AUTH`,`USE_YN`,`ACCESS_FAIL_CNT`,`MOD_DT`,`MOD_ID`,`MOD_IP`,`REG_DT`,`REG_ID`,`REG_IP`) values ('test1',2,'test1','/dVnWVtigcpLODwhAnBabup9Kj+ncXtzm22uwEyCglk=','','','','0','Y',0,'2015-10-06 11:37:14','admin','0:0:0:0:0:0:0:1','2015-10-06 11:37:14','admin','0:0:0:0:0:0:0:1');
insert into `user_info`(`USER_ID`,`CORP_ID`,`USER_NM`,`USER_PW`,`USER_EMAIL`,`USER_HP`,`USER_TEL`,`USER_AUTH`,`USE_YN`,`ACCESS_FAIL_CNT`,`MOD_DT`,`MOD_ID`,`MOD_IP`,`REG_DT`,`REG_ID`,`REG_IP`) values ('test10',19,'test10','72aZHwECAxM1Oy4V+x0jKTyF99OXheN25xe7vmyFvRI=','','','','0','Y',0,'2015-10-06 11:46:37','admin','0:0:0:0:0:0:0:1','2015-10-06 11:46:37','admin','0:0:0:0:0:0:0:1');
insert into `user_info`(`USER_ID`,`CORP_ID`,`USER_NM`,`USER_PW`,`USER_EMAIL`,`USER_HP`,`USER_TEL`,`USER_AUTH`,`USE_YN`,`ACCESS_FAIL_CNT`,`MOD_DT`,`MOD_ID`,`MOD_IP`,`REG_DT`,`REG_ID`,`REG_IP`) values ('test2',3,'test2','tinjHG4yXB0IAY1iTH/56pwI7E+fqXbduNAHbh8CuXg=','','','','0','Y',0,'2015-10-06 11:38:00','admin','0:0:0:0:0:0:0:1','2015-10-06 11:38:00','admin','0:0:0:0:0:0:0:1');
insert into `user_info`(`USER_ID`,`CORP_ID`,`USER_NM`,`USER_PW`,`USER_EMAIL`,`USER_HP`,`USER_TEL`,`USER_AUTH`,`USE_YN`,`ACCESS_FAIL_CNT`,`MOD_DT`,`MOD_ID`,`MOD_IP`,`REG_DT`,`REG_ID`,`REG_IP`) values ('test3',6,'test3','RfKXWpw+T9UFt358B/2eowdLohkITQKg/bkhcjqUp6s=','','','','0','Y',0,'2015-10-06 11:38:35','admin','0:0:0:0:0:0:0:1','2015-10-06 11:38:35','admin','0:0:0:0:0:0:0:1');
insert into `user_info`(`USER_ID`,`CORP_ID`,`USER_NM`,`USER_PW`,`USER_EMAIL`,`USER_HP`,`USER_TEL`,`USER_AUTH`,`USE_YN`,`ACCESS_FAIL_CNT`,`MOD_DT`,`MOD_ID`,`MOD_IP`,`REG_DT`,`REG_ID`,`REG_IP`) values ('test4',7,'test4','cpzcVQFtiHM1ig8ASAoq9ZqID5wvv1ZuRf8+8mK3upY=','','','','0','Y',0,'2015-10-06 11:40:11','admin','0:0:0:0:0:0:0:1','2015-10-06 11:40:11','admin','0:0:0:0:0:0:0:1');
insert into `user_info`(`USER_ID`,`CORP_ID`,`USER_NM`,`USER_PW`,`USER_EMAIL`,`USER_HP`,`USER_TEL`,`USER_AUTH`,`USE_YN`,`ACCESS_FAIL_CNT`,`MOD_DT`,`MOD_ID`,`MOD_IP`,`REG_DT`,`REG_ID`,`REG_IP`) values ('test5',4,'test5','SJnesHVkg8j5q9HWIVTQkz3jw1qbAe4oYIfAjyoyRc0=','','','','0','Y',0,'2015-10-06 11:41:02','admin','0:0:0:0:0:0:0:1','2015-10-06 11:41:02','admin','0:0:0:0:0:0:0:1');
insert into `user_info`(`USER_ID`,`CORP_ID`,`USER_NM`,`USER_PW`,`USER_EMAIL`,`USER_HP`,`USER_TEL`,`USER_AUTH`,`USE_YN`,`ACCESS_FAIL_CNT`,`MOD_DT`,`MOD_ID`,`MOD_IP`,`REG_DT`,`REG_ID`,`REG_IP`) values ('test6',9,'test6','DX2FDrSgHMwd58sl0yXkehH439ICyajHhVhLYoTlIQ0=','','','','0','Y',0,'2015-10-06 11:41:44','admin','0:0:0:0:0:0:0:1','2015-10-06 11:41:44','admin','0:0:0:0:0:0:0:1');
insert into `user_info`(`USER_ID`,`CORP_ID`,`USER_NM`,`USER_PW`,`USER_EMAIL`,`USER_HP`,`USER_TEL`,`USER_AUTH`,`USE_YN`,`ACCESS_FAIL_CNT`,`MOD_DT`,`MOD_ID`,`MOD_IP`,`REG_DT`,`REG_ID`,`REG_IP`) values ('test7',10,'test7','XZjtB3v9xNck9kbo8QwpcktNQvMug7rALTgIfrDudtk=','','','','0','Y',0,'2015-10-06 11:42:22','admin','0:0:0:0:0:0:0:1','2015-10-06 11:42:22','admin','0:0:0:0:0:0:0:1');
insert into `user_info`(`USER_ID`,`CORP_ID`,`USER_NM`,`USER_PW`,`USER_EMAIL`,`USER_HP`,`USER_TEL`,`USER_AUTH`,`USE_YN`,`ACCESS_FAIL_CNT`,`MOD_DT`,`MOD_ID`,`MOD_IP`,`REG_DT`,`REG_ID`,`REG_IP`) values ('test8',15,'test8','3wO6HPbJDIEojualQ5T2Gqwz5qWzTxo5WL0H0fRg8PU=','','','','0','Y',0,'2015-10-06 11:45:29','admin','0:0:0:0:0:0:0:1','2015-10-06 11:45:29','admin','0:0:0:0:0:0:0:1');
insert into `user_info`(`USER_ID`,`CORP_ID`,`USER_NM`,`USER_PW`,`USER_EMAIL`,`USER_HP`,`USER_TEL`,`USER_AUTH`,`USE_YN`,`ACCESS_FAIL_CNT`,`MOD_DT`,`MOD_ID`,`MOD_IP`,`REG_DT`,`REG_ID`,`REG_IP`) values ('test9',16,'test9','dkq5nEaGsr1y6iB3S5TY49XyAsv6cuNqNlJUzYRNhpc=','','','','0','Y',0,'2015-10-06 11:46:04','admin','0:0:0:0:0:0:0:1','2015-10-06 11:46:04','admin','0:0:0:0:0:0:0:1');





