
INSERT INTO `AUTH`(`AUTH_ID`,`AUTH_NM`,`AUTH_NO`,`UP_AUTH_NO`) VALUES ('ANONYMOUS','모든사용자',7,6);
INSERT INTO `AUTH`(`AUTH_ID`,`AUTH_NM`,`AUTH_NO`,`UP_AUTH_NO`) VALUES ('AUTHENTICATED','로그인사용자',6,5);
INSERT INTO `AUTH`(`AUTH_ID`,`AUTH_NM`,`AUTH_NO`,`UP_AUTH_NO`) VALUES ('RESTADMIN','REST관리자',4,3);
INSERT INTO `AUTH`(`AUTH_ID`,`AUTH_NM`,`AUTH_NO`,`UP_AUTH_NO`) VALUES ('RESTUSER','REST사용자',5,4);
INSERT INTO `AUTH`(`AUTH_ID`,`AUTH_NM`,`AUTH_NO`,`UP_AUTH_NO`) VALUES ('ROADADMIN','ROAD관리자',3,2);
INSERT INTO `AUTH`(`AUTH_ID`,`AUTH_NM`,`AUTH_NO`,`UP_AUTH_NO`) VALUES ('SITEADMIN','사이트관리자',2,1);
INSERT INTO `AUTH`(`AUTH_ID`,`AUTH_NM`,`AUTH_NO`,`UP_AUTH_NO`) VALUES ('SUPERADMIN','슈퍼관리자',1,0);

INSERT INTO `AUTH_LVL`(`PARENT_AUTH_ID`,`CHILD_AUTH_ID`) VALUES ('AUTHENTICATED','ANONYMOUS');
INSERT INTO `AUTH_LVL`(`PARENT_AUTH_ID`,`CHILD_AUTH_ID`) VALUES ('RESTADMIN','RESTUSER');
INSERT INTO `AUTH_LVL`(`PARENT_AUTH_ID`,`CHILD_AUTH_ID`) VALUES ('RESTUSER','AUTHENTICATED');
INSERT INTO `AUTH_LVL`(`PARENT_AUTH_ID`,`CHILD_AUTH_ID`) VALUES ('ROADADMIN','RESTADMIN');
INSERT INTO `AUTH_LVL`(`PARENT_AUTH_ID`,`CHILD_AUTH_ID`) VALUES ('SITEADMIN','ROADADMIN');
INSERT INTO `AUTH_LVL`(`PARENT_AUTH_ID`,`CHILD_AUTH_ID`) VALUES ('SUPERADMIN','SITEADMIN');

INSERT INTO `CODE_PART`(`CODE_PART`,`CODE_PART_NM`,`MOD_DT`,`MOD_ID`,`MOD_IP`,`REG_DT`,`REG_ID`,`REG_IP`) VALUES ('CALL','번호호출기','2015-10-02 15:36:51','admin','0:0:0:0:0:0:0:1','2015-10-02 15:36:51','admin','0:0:0:0:0:0:0:1');
INSERT INTO `CODE_PART`(`CODE_PART`,`CODE_PART_NM`,`MOD_DT`,`MOD_ID`,`MOD_IP`,`REG_DT`,`REG_ID`,`REG_IP`) VALUES ('RSS','뉴스피드','2015-10-02 15:36:32','admin','0:0:0:0:0:0:0:1','2015-10-02 15:36:32','admin','0:0:0:0:0:0:0:1');
INSERT INTO `CODE_PART`(`CODE_PART`,`CODE_PART_NM`,`MOD_DT`,`MOD_ID`,`MOD_IP`,`REG_DT`,`REG_ID`,`REG_IP`) VALUES ('SVRENV','환경변수','2015-10-02 15:36:13','admin','0:0:0:0:0:0:0:1','2015-10-02 15:36:13','admin','0:0:0:0:0:0:0:1');

INSERT INTO `CODE_INFO`(`CODE_PART`,`CODE`,`CODE_NM`,`CODE_ORD`,`CODE_DESC`,`MOD_DT`,`MOD_ID`,`MOD_IP`,`REG_DT`,`REG_ID`,`REG_IP`) VALUES ('CALL','LINK','링크맨','2','','2015-10-02 15:39:56','admin','0:0:0:0:0:0:0:1','2015-10-02 15:39:56','admin','0:0:0:0:0:0:0:1');
INSERT INTO `CODE_INFO`(`CODE_PART`,`CODE`,`CODE_NM`,`CODE_ORD`,`CODE_DESC`,`MOD_DT`,`MOD_ID`,`MOD_IP`,`REG_DT`,`REG_ID`,`REG_IP`) VALUES ('CALL','SYS','시스콜','1','','2015-10-02 15:39:27','admin','0:0:0:0:0:0:0:1','2015-10-02 15:39:27','admin','0:0:0:0:0:0:0:1');
INSERT INTO `CODE_INFO`(`CODE_PART`,`CODE`,`CODE_NM`,`CODE_ORD`,`CODE_DESC`,`MOD_DT`,`MOD_ID`,`MOD_IP`,`REG_DT`,`REG_ID`,`REG_IP`) VALUES ('RSS','YONHAP','연합뉴스RSS','1','http://www.yonhapnews.co.kr/RSS/KAKAO/textnews.xml','2015-10-02 15:38:54','admin','0:0:0:0:0:0:0:1','2015-10-02 15:38:54','admin','0:0:0:0:0:0:0:1');
INSERT INTO `CODE_INFO`(`CODE_PART`,`CODE`,`CODE_NM`,`CODE_ORD`,`CODE_DESC`,`MOD_DT`,`MOD_ID`,`MOD_IP`,`REG_DT`,`REG_ID`,`REG_IP`) VALUES ('SVRENV','SERVER_URL','서버주소','2','http://evansoftdb.iptime.org','2015-11-28 03:43:08','admin','0:0:0:0:0:0:0:1','2015-10-02 15:37:40','admin','0:0:0:0:0:0:0:1');

INSERT INTO `CORP_INFO`(`CORP_ID`,`CORP_NM`,`CORP_LOGO_PATH`,`CORP_LOGO_NM`,`CORP_LOGO_EXT`,`CORP_LOGO_SIZE`,`CORP_LOGO_CONT_TYPE`,`CORP_LOGO_ORG_FILE_NM`,`CORP_URL`,`CORP_TEL`,`CORP_POST`,`CORP_ADR`,`CORP_ADR_DSC`,`UP_CORP_ID`,`MOD_DT`,`MOD_ID`,`MOD_IP`,`REG_DT`,`REG_ID`,`REG_IP`) VALUES (1,'EVAN','/attachfile/corp_logo','7e72e5a6c6552097740326040a5319a8','gif',9522,'image/gif','bg_card_1.gif','http://www.test.com','02-0000-0000','111111','수원시','영통구 영통동',0,'2015-08-26 00:00:00','admin','0:0:0:0:0:0:0:1','2015-08-23 00:00:00','SYSTEM','127.0.0.1');
INSERT INTO `CORP_INFO`(`CORP_ID`,`CORP_NM`,`CORP_LOGO_PATH`,`CORP_LOGO_NM`,`CORP_LOGO_EXT`,`CORP_LOGO_SIZE`,`CORP_LOGO_CONT_TYPE`,`CORP_LOGO_ORG_FILE_NM`,`CORP_URL`,`CORP_TEL`,`CORP_POST`,`CORP_ADR`,`CORP_ADR_DSC`,`UP_CORP_ID`,`MOD_DT`,`MOD_ID`,`MOD_IP`,`REG_DT`,`REG_ID`,`REG_IP`) VALUES (2,'도로공사',null,null,null,null,null,null,null,null,null,null,null,1,'2015-08-23 00:00:00','SYSTEM','127.0.0.1','2015-08-23 00:00:00','SYSTEM','127.0.0.1');
INSERT INTO `CORP_INFO`(`CORP_ID`,`CORP_NM`,`CORP_LOGO_PATH`,`CORP_LOGO_NM`,`CORP_LOGO_EXT`,`CORP_LOGO_SIZE`,`CORP_LOGO_CONT_TYPE`,`CORP_LOGO_ORG_FILE_NM`,`CORP_URL`,`CORP_TEL`,`CORP_POST`,`CORP_ADR`,`CORP_ADR_DSC`,`UP_CORP_ID`,`MOD_DT`,`MOD_ID`,`MOD_IP`,`REG_DT`,`REG_ID`,`REG_IP`) VALUES (3,'휴게소1',null,null,null,null,null,null,null,null,null,null,null,2,'2015-08-23 00:00:00','SYSTEM','127.0.0.1','2015-08-23 00:00:00','SYSTEM','127.0.0.1');
INSERT INTO `CORP_INFO`(`CORP_ID`,`CORP_NM`,`CORP_LOGO_PATH`,`CORP_LOGO_NM`,`CORP_LOGO_EXT`,`CORP_LOGO_SIZE`,`CORP_LOGO_CONT_TYPE`,`CORP_LOGO_ORG_FILE_NM`,`CORP_URL`,`CORP_TEL`,`CORP_POST`,`CORP_ADR`,`CORP_ADR_DSC`,`UP_CORP_ID`,`MOD_DT`,`MOD_ID`,`MOD_IP`,`REG_DT`,`REG_ID`,`REG_IP`) VALUES (4,'휴게소2',null,null,null,null,null,null,null,null,null,null,null,2,'2015-08-23 00:00:00','SYSTEM','127.0.0.1','2015-08-23 00:00:00','SYSTEM','127.0.0.1');
INSERT INTO `CORP_INFO`(`CORP_ID`,`CORP_NM`,`CORP_LOGO_PATH`,`CORP_LOGO_NM`,`CORP_LOGO_EXT`,`CORP_LOGO_SIZE`,`CORP_LOGO_CONT_TYPE`,`CORP_LOGO_ORG_FILE_NM`,`CORP_URL`,`CORP_TEL`,`CORP_POST`,`CORP_ADR`,`CORP_ADR_DSC`,`UP_CORP_ID`,`MOD_DT`,`MOD_ID`,`MOD_IP`,`REG_DT`,`REG_ID`,`REG_IP`) VALUES (5,'휴게소3',null,null,null,null,null,null,null,null,null,null,null,2,'2015-08-23 00:00:00','SYSTEM','127.0.0.1','2015-08-23 00:00:00','SYSTEM','127.0.0.1');
INSERT INTO `CORP_INFO`(`CORP_ID`,`CORP_NM`,`CORP_LOGO_PATH`,`CORP_LOGO_NM`,`CORP_LOGO_EXT`,`CORP_LOGO_SIZE`,`CORP_LOGO_CONT_TYPE`,`CORP_LOGO_ORG_FILE_NM`,`CORP_URL`,`CORP_TEL`,`CORP_POST`,`CORP_ADR`,`CORP_ADR_DSC`,`UP_CORP_ID`,`MOD_DT`,`MOD_ID`,`MOD_IP`,`REG_DT`,`REG_ID`,`REG_IP`) VALUES (6,'휴게소업체1-1',null,null,null,null,null,null,null,null,null,null,null,3,'2015-08-23 00:00:00','SYSTEM','127.0.0.1','2015-08-23 00:00:00','SYSTEM','127.0.0.1');
INSERT INTO `CORP_INFO`(`CORP_ID`,`CORP_NM`,`CORP_LOGO_PATH`,`CORP_LOGO_NM`,`CORP_LOGO_EXT`,`CORP_LOGO_SIZE`,`CORP_LOGO_CONT_TYPE`,`CORP_LOGO_ORG_FILE_NM`,`CORP_URL`,`CORP_TEL`,`CORP_POST`,`CORP_ADR`,`CORP_ADR_DSC`,`UP_CORP_ID`,`MOD_DT`,`MOD_ID`,`MOD_IP`,`REG_DT`,`REG_ID`,`REG_IP`) VALUES (7,'휴게소업체1-2',null,null,null,null,null,null,null,null,null,null,null,3,'2015-08-23 00:00:00','SYSTEM','127.0.0.1','2015-08-23 00:00:00','SYSTEM','127.0.0.1');
INSERT INTO `CORP_INFO`(`CORP_ID`,`CORP_NM`,`CORP_LOGO_PATH`,`CORP_LOGO_NM`,`CORP_LOGO_EXT`,`CORP_LOGO_SIZE`,`CORP_LOGO_CONT_TYPE`,`CORP_LOGO_ORG_FILE_NM`,`CORP_URL`,`CORP_TEL`,`CORP_POST`,`CORP_ADR`,`CORP_ADR_DSC`,`UP_CORP_ID`,`MOD_DT`,`MOD_ID`,`MOD_IP`,`REG_DT`,`REG_ID`,`REG_IP`) VALUES (8,'휴게소업체1-3',null,null,null,null,null,null,null,null,null,null,null,3,'2015-08-23 00:00:00','SYSTEM','127.0.0.1','2015-08-23 00:00:00','SYSTEM','127.0.0.1');
INSERT INTO `CORP_INFO`(`CORP_ID`,`CORP_NM`,`CORP_LOGO_PATH`,`CORP_LOGO_NM`,`CORP_LOGO_EXT`,`CORP_LOGO_SIZE`,`CORP_LOGO_CONT_TYPE`,`CORP_LOGO_ORG_FILE_NM`,`CORP_URL`,`CORP_TEL`,`CORP_POST`,`CORP_ADR`,`CORP_ADR_DSC`,`UP_CORP_ID`,`MOD_DT`,`MOD_ID`,`MOD_IP`,`REG_DT`,`REG_ID`,`REG_IP`) VALUES (9,'휴게소업체2-1',null,null,null,null,null,null,null,null,null,null,null,4,'2015-08-23 00:00:00','SYSTEM','127.0.0.1','2015-08-23 00:00:00','SYSTEM','127.0.0.1');
INSERT INTO `CORP_INFO`(`CORP_ID`,`CORP_NM`,`CORP_LOGO_PATH`,`CORP_LOGO_NM`,`CORP_LOGO_EXT`,`CORP_LOGO_SIZE`,`CORP_LOGO_CONT_TYPE`,`CORP_LOGO_ORG_FILE_NM`,`CORP_URL`,`CORP_TEL`,`CORP_POST`,`CORP_ADR`,`CORP_ADR_DSC`,`UP_CORP_ID`,`MOD_DT`,`MOD_ID`,`MOD_IP`,`REG_DT`,`REG_ID`,`REG_IP`) VALUES (10,'휴게소업체2-2',null,null,null,null,null,null,null,null,null,null,null,4,'2015-08-23 00:00:00','SYSTEM','127.0.0.1','2015-08-23 00:00:00','SYSTEM','127.0.0.1');
INSERT INTO `CORP_INFO`(`CORP_ID`,`CORP_NM`,`CORP_LOGO_PATH`,`CORP_LOGO_NM`,`CORP_LOGO_EXT`,`CORP_LOGO_SIZE`,`CORP_LOGO_CONT_TYPE`,`CORP_LOGO_ORG_FILE_NM`,`CORP_URL`,`CORP_TEL`,`CORP_POST`,`CORP_ADR`,`CORP_ADR_DSC`,`UP_CORP_ID`,`MOD_DT`,`MOD_ID`,`MOD_IP`,`REG_DT`,`REG_ID`,`REG_IP`) VALUES (11,'휴게소업체2-3',null,null,null,null,null,null,null,null,null,null,null,4,'2015-08-23 00:00:00','SYSTEM','127.0.0.1','2015-08-23 00:00:00','SYSTEM','127.0.0.1');
INSERT INTO `CORP_INFO`(`CORP_ID`,`CORP_NM`,`CORP_LOGO_PATH`,`CORP_LOGO_NM`,`CORP_LOGO_EXT`,`CORP_LOGO_SIZE`,`CORP_LOGO_CONT_TYPE`,`CORP_LOGO_ORG_FILE_NM`,`CORP_URL`,`CORP_TEL`,`CORP_POST`,`CORP_ADR`,`CORP_ADR_DSC`,`UP_CORP_ID`,`MOD_DT`,`MOD_ID`,`MOD_IP`,`REG_DT`,`REG_ID`,`REG_IP`) VALUES (12,'휴게소업체3-1',null,null,null,null,null,null,null,null,null,null,null,5,'2015-08-23 00:00:00','SYSTEM','127.0.0.1','2015-08-23 00:00:00','SYSTEM','127.0.0.1');
INSERT INTO `CORP_INFO`(`CORP_ID`,`CORP_NM`,`CORP_LOGO_PATH`,`CORP_LOGO_NM`,`CORP_LOGO_EXT`,`CORP_LOGO_SIZE`,`CORP_LOGO_CONT_TYPE`,`CORP_LOGO_ORG_FILE_NM`,`CORP_URL`,`CORP_TEL`,`CORP_POST`,`CORP_ADR`,`CORP_ADR_DSC`,`UP_CORP_ID`,`MOD_DT`,`MOD_ID`,`MOD_IP`,`REG_DT`,`REG_ID`,`REG_IP`) VALUES (13,'휴게소업체3-2',null,null,null,null,null,null,null,null,null,null,null,5,'2015-08-23 00:00:00','SYSTEM','127.0.0.1','2015-08-23 00:00:00','SYSTEM','127.0.0.1');
INSERT INTO `CORP_INFO`(`CORP_ID`,`CORP_NM`,`CORP_LOGO_PATH`,`CORP_LOGO_NM`,`CORP_LOGO_EXT`,`CORP_LOGO_SIZE`,`CORP_LOGO_CONT_TYPE`,`CORP_LOGO_ORG_FILE_NM`,`CORP_URL`,`CORP_TEL`,`CORP_POST`,`CORP_ADR`,`CORP_ADR_DSC`,`UP_CORP_ID`,`MOD_DT`,`MOD_ID`,`MOD_IP`,`REG_DT`,`REG_ID`,`REG_IP`) VALUES (14,'휴게소업체3-3',null,null,null,null,null,null,null,null,null,null,null,5,'2015-08-23 00:00:00','SYSTEM','127.0.0.1','2015-08-23 00:00:00','SYSTEM','127.0.0.1');
INSERT INTO `CORP_INFO`(`CORP_ID`,`CORP_NM`,`CORP_LOGO_PATH`,`CORP_LOGO_NM`,`CORP_LOGO_EXT`,`CORP_LOGO_SIZE`,`CORP_LOGO_CONT_TYPE`,`CORP_LOGO_ORG_FILE_NM`,`CORP_URL`,`CORP_TEL`,`CORP_POST`,`CORP_ADR`,`CORP_ADR_DSC`,`UP_CORP_ID`,`MOD_DT`,`MOD_ID`,`MOD_IP`,`REG_DT`,`REG_ID`,`REG_IP`) VALUES (15,'회사',null,null,null,null,null,null,null,null,null,null,null,1,'2015-08-23 00:00:00','SYSTEM','127.0.0.1','2015-08-23 00:00:00','SYSTEM','127.0.0.1');
INSERT INTO `CORP_INFO`(`CORP_ID`,`CORP_NM`,`CORP_LOGO_PATH`,`CORP_LOGO_NM`,`CORP_LOGO_EXT`,`CORP_LOGO_SIZE`,`CORP_LOGO_CONT_TYPE`,`CORP_LOGO_ORG_FILE_NM`,`CORP_URL`,`CORP_TEL`,`CORP_POST`,`CORP_ADR`,`CORP_ADR_DSC`,`UP_CORP_ID`,`MOD_DT`,`MOD_ID`,`MOD_IP`,`REG_DT`,`REG_ID`,`REG_IP`) VALUES (16,'부서1',null,null,null,null,null,null,null,null,null,null,null,15,'2015-08-23 00:00:00','SYSTEM','127.0.0.1','2015-08-23 00:00:00','SYSTEM','127.0.0.1');
INSERT INTO `CORP_INFO`(`CORP_ID`,`CORP_NM`,`CORP_LOGO_PATH`,`CORP_LOGO_NM`,`CORP_LOGO_EXT`,`CORP_LOGO_SIZE`,`CORP_LOGO_CONT_TYPE`,`CORP_LOGO_ORG_FILE_NM`,`CORP_URL`,`CORP_TEL`,`CORP_POST`,`CORP_ADR`,`CORP_ADR_DSC`,`UP_CORP_ID`,`MOD_DT`,`MOD_ID`,`MOD_IP`,`REG_DT`,`REG_ID`,`REG_IP`) VALUES (17,'부서2',null,null,null,null,null,null,null,null,null,null,null,15,'2015-08-23 00:00:00','SYSTEM','127.0.0.1','2015-08-23 00:00:00','SYSTEM','127.0.0.1');
INSERT INTO `CORP_INFO`(`CORP_ID`,`CORP_NM`,`CORP_LOGO_PATH`,`CORP_LOGO_NM`,`CORP_LOGO_EXT`,`CORP_LOGO_SIZE`,`CORP_LOGO_CONT_TYPE`,`CORP_LOGO_ORG_FILE_NM`,`CORP_URL`,`CORP_TEL`,`CORP_POST`,`CORP_ADR`,`CORP_ADR_DSC`,`UP_CORP_ID`,`MOD_DT`,`MOD_ID`,`MOD_IP`,`REG_DT`,`REG_ID`,`REG_IP`) VALUES (18,'부서3',null,null,null,null,null,null,null,null,null,null,null,15,'2015-08-23 00:00:00','SYSTEM','127.0.0.1','2015-08-23 00:00:00','SYSTEM','127.0.0.1');
INSERT INTO `CORP_INFO`(`CORP_ID`,`CORP_NM`,`CORP_LOGO_PATH`,`CORP_LOGO_NM`,`CORP_LOGO_EXT`,`CORP_LOGO_SIZE`,`CORP_LOGO_CONT_TYPE`,`CORP_LOGO_ORG_FILE_NM`,`CORP_URL`,`CORP_TEL`,`CORP_POST`,`CORP_ADR`,`CORP_ADR_DSC`,`UP_CORP_ID`,`MOD_DT`,`MOD_ID`,`MOD_IP`,`REG_DT`,`REG_ID`,`REG_IP`) VALUES (19,'부서파트1-1',null,null,null,null,null,null,null,null,null,null,null,16,'2015-08-23 00:00:00','SYSTEM','127.0.0.1','2015-08-23 00:00:00','SYSTEM','127.0.0.1');
INSERT INTO `CORP_INFO`(`CORP_ID`,`CORP_NM`,`CORP_LOGO_PATH`,`CORP_LOGO_NM`,`CORP_LOGO_EXT`,`CORP_LOGO_SIZE`,`CORP_LOGO_CONT_TYPE`,`CORP_LOGO_ORG_FILE_NM`,`CORP_URL`,`CORP_TEL`,`CORP_POST`,`CORP_ADR`,`CORP_ADR_DSC`,`UP_CORP_ID`,`MOD_DT`,`MOD_ID`,`MOD_IP`,`REG_DT`,`REG_ID`,`REG_IP`) VALUES (20,'부서파트1-2',null,null,null,null,null,null,null,null,null,null,null,16,'2015-08-23 00:00:00','SYSTEM','127.0.0.1','2015-08-23 00:00:00','SYSTEM','127.0.0.1');
INSERT INTO `CORP_INFO`(`CORP_ID`,`CORP_NM`,`CORP_LOGO_PATH`,`CORP_LOGO_NM`,`CORP_LOGO_EXT`,`CORP_LOGO_SIZE`,`CORP_LOGO_CONT_TYPE`,`CORP_LOGO_ORG_FILE_NM`,`CORP_URL`,`CORP_TEL`,`CORP_POST`,`CORP_ADR`,`CORP_ADR_DSC`,`UP_CORP_ID`,`MOD_DT`,`MOD_ID`,`MOD_IP`,`REG_DT`,`REG_ID`,`REG_IP`) VALUES (21,'부서파트1-3',null,null,null,null,null,null,null,null,null,null,null,16,'2015-08-23 00:00:00','SYSTEM','127.0.0.1','2015-08-23 00:00:00','SYSTEM','127.0.0.1');
INSERT INTO `CORP_INFO`(`CORP_ID`,`CORP_NM`,`CORP_LOGO_PATH`,`CORP_LOGO_NM`,`CORP_LOGO_EXT`,`CORP_LOGO_SIZE`,`CORP_LOGO_CONT_TYPE`,`CORP_LOGO_ORG_FILE_NM`,`CORP_URL`,`CORP_TEL`,`CORP_POST`,`CORP_ADR`,`CORP_ADR_DSC`,`UP_CORP_ID`,`MOD_DT`,`MOD_ID`,`MOD_IP`,`REG_DT`,`REG_ID`,`REG_IP`) VALUES (22,'부서파트2-1',null,null,null,null,null,null,null,null,null,null,null,17,'2015-08-23 00:00:00','SYSTEM','127.0.0.1','2015-08-23 00:00:00','SYSTEM','127.0.0.1');
INSERT INTO `CORP_INFO`(`CORP_ID`,`CORP_NM`,`CORP_LOGO_PATH`,`CORP_LOGO_NM`,`CORP_LOGO_EXT`,`CORP_LOGO_SIZE`,`CORP_LOGO_CONT_TYPE`,`CORP_LOGO_ORG_FILE_NM`,`CORP_URL`,`CORP_TEL`,`CORP_POST`,`CORP_ADR`,`CORP_ADR_DSC`,`UP_CORP_ID`,`MOD_DT`,`MOD_ID`,`MOD_IP`,`REG_DT`,`REG_ID`,`REG_IP`) VALUES (23,'부서파트2-2',null,null,null,null,null,null,null,null,null,null,null,17,'2015-08-23 00:00:00','SYSTEM','127.0.0.1','2015-08-23 00:00:00','SYSTEM','127.0.0.1');
INSERT INTO `CORP_INFO`(`CORP_ID`,`CORP_NM`,`CORP_LOGO_PATH`,`CORP_LOGO_NM`,`CORP_LOGO_EXT`,`CORP_LOGO_SIZE`,`CORP_LOGO_CONT_TYPE`,`CORP_LOGO_ORG_FILE_NM`,`CORP_URL`,`CORP_TEL`,`CORP_POST`,`CORP_ADR`,`CORP_ADR_DSC`,`UP_CORP_ID`,`MOD_DT`,`MOD_ID`,`MOD_IP`,`REG_DT`,`REG_ID`,`REG_IP`) VALUES (24,'부서파트2-3',null,null,null,null,null,null,null,null,null,null,null,17,'2015-08-23 00:00:00','SYSTEM','127.0.0.1','2015-08-23 00:00:00','SYSTEM','127.0.0.1');
INSERT INTO `CORP_INFO`(`CORP_ID`,`CORP_NM`,`CORP_LOGO_PATH`,`CORP_LOGO_NM`,`CORP_LOGO_EXT`,`CORP_LOGO_SIZE`,`CORP_LOGO_CONT_TYPE`,`CORP_LOGO_ORG_FILE_NM`,`CORP_URL`,`CORP_TEL`,`CORP_POST`,`CORP_ADR`,`CORP_ADR_DSC`,`UP_CORP_ID`,`MOD_DT`,`MOD_ID`,`MOD_IP`,`REG_DT`,`REG_ID`,`REG_IP`) VALUES (25,'부서파트3-1',null,null,null,null,null,null,null,null,null,null,null,18,'2015-08-23 00:00:00','SYSTEM','127.0.0.1','2015-08-23 00:00:00','SYSTEM','127.0.0.1');
INSERT INTO `CORP_INFO`(`CORP_ID`,`CORP_NM`,`CORP_LOGO_PATH`,`CORP_LOGO_NM`,`CORP_LOGO_EXT`,`CORP_LOGO_SIZE`,`CORP_LOGO_CONT_TYPE`,`CORP_LOGO_ORG_FILE_NM`,`CORP_URL`,`CORP_TEL`,`CORP_POST`,`CORP_ADR`,`CORP_ADR_DSC`,`UP_CORP_ID`,`MOD_DT`,`MOD_ID`,`MOD_IP`,`REG_DT`,`REG_ID`,`REG_IP`) VALUES (26,'부서파트3-2',null,null,null,null,null,null,null,null,null,null,null,18,'2015-08-23 00:00:00','SYSTEM','127.0.0.1','2015-08-23 00:00:00','SYSTEM','127.0.0.1');
INSERT INTO `CORP_INFO`(`CORP_ID`,`CORP_NM`,`CORP_LOGO_PATH`,`CORP_LOGO_NM`,`CORP_LOGO_EXT`,`CORP_LOGO_SIZE`,`CORP_LOGO_CONT_TYPE`,`CORP_LOGO_ORG_FILE_NM`,`CORP_URL`,`CORP_TEL`,`CORP_POST`,`CORP_ADR`,`CORP_ADR_DSC`,`UP_CORP_ID`,`MOD_DT`,`MOD_ID`,`MOD_IP`,`REG_DT`,`REG_ID`,`REG_IP`) VALUES (27,'부서파트3-3',null,null,null,null,null,null,null,null,null,null,null,18,'2015-08-23 00:00:00','SYSTEM','127.0.0.1','2015-08-23 00:00:00','SYSTEM','127.0.0.1');
INSERT INTO `CORP_INFO`(`CORP_ID`,`CORP_NM`,`CORP_LOGO_PATH`,`CORP_LOGO_NM`,`CORP_LOGO_EXT`,`CORP_LOGO_SIZE`,`CORP_LOGO_CONT_TYPE`,`CORP_LOGO_ORG_FILE_NM`,`CORP_URL`,`CORP_TEL`,`CORP_POST`,`CORP_ADR`,`CORP_ADR_DSC`,`UP_CORP_ID`,`MOD_DT`,`MOD_ID`,`MOD_IP`,`REG_DT`,`REG_ID`,`REG_IP`) VALUES (28,'휴게소업체1-3-1',null,null,null,null,null,null,'','02-0000-0000','','','',8,'2015-11-14 11:44:46','admin','14.33.86.7','2015-11-14 11:44:46','admin','14.33.86.7');

INSERT INTO `USER_INFO`(`USER_ID`,`CORP_ID`,`USER_NM`,`USER_PW`,`USER_EMAIL`,`USER_HP`,`USER_TEL`,`USER_AUTH`,`USE_YN`,`ACCESS_FAIL_CNT`,`MOD_DT`,`MOD_ID`,`MOD_IP`,`REG_DT`,`REG_ID`,`REG_IP`) VALUES ('admin',1,'관리자','nWsxfLXl5mvIuk880vK8Z/1Wk7B4DyRNiTNi8eUbCgg=','sonys75@gmail.com','010-6477-2004','','0','Y',0,'2015-11-14 11:47:12','admin','14.33.86.7','2015-08-23 00:00:00','system','127.0.0.1');
INSERT INTO `USER_INFO`(`USER_ID`,`CORP_ID`,`USER_NM`,`USER_PW`,`USER_EMAIL`,`USER_HP`,`USER_TEL`,`USER_AUTH`,`USE_YN`,`ACCESS_FAIL_CNT`,`MOD_DT`,`MOD_ID`,`MOD_IP`,`REG_DT`,`REG_ID`,`REG_IP`) VALUES ('test',1,'test','WsY6Ygj95HiT6AjXehtHcsOX+ftyGMTTQCM63wmRl+o=','test@test.com','010-0000-0000','02-0000-0000','0','Y',0,'2015-09-08 23:13:36','admin','0:0:0:0:0:0:0:1','2015-09-08 17:46:58','admin','0:0:0:0:0:0:0:1');
INSERT INTO `USER_INFO`(`USER_ID`,`CORP_ID`,`USER_NM`,`USER_PW`,`USER_EMAIL`,`USER_HP`,`USER_TEL`,`USER_AUTH`,`USE_YN`,`ACCESS_FAIL_CNT`,`MOD_DT`,`MOD_ID`,`MOD_IP`,`REG_DT`,`REG_ID`,`REG_IP`) VALUES ('test1',2,'test1','/dVnWVtigcpLODwhAnBabup9Kj+ncXtzm22uwEyCglk=','','','','0','Y',0,'2015-10-06 11:37:14','admin','0:0:0:0:0:0:0:1','2015-10-06 11:37:14','admin','0:0:0:0:0:0:0:1');
INSERT INTO `USER_INFO`(`USER_ID`,`CORP_ID`,`USER_NM`,`USER_PW`,`USER_EMAIL`,`USER_HP`,`USER_TEL`,`USER_AUTH`,`USE_YN`,`ACCESS_FAIL_CNT`,`MOD_DT`,`MOD_ID`,`MOD_IP`,`REG_DT`,`REG_ID`,`REG_IP`) VALUES ('test10',19,'test10','72aZHwECAxM1Oy4V+x0jKTyF99OXheN25xe7vmyFvRI=','','','','0','Y',0,'2015-10-06 11:46:37','admin','0:0:0:0:0:0:0:1','2015-10-06 11:46:37','admin','0:0:0:0:0:0:0:1');
INSERT INTO `USER_INFO`(`USER_ID`,`CORP_ID`,`USER_NM`,`USER_PW`,`USER_EMAIL`,`USER_HP`,`USER_TEL`,`USER_AUTH`,`USE_YN`,`ACCESS_FAIL_CNT`,`MOD_DT`,`MOD_ID`,`MOD_IP`,`REG_DT`,`REG_ID`,`REG_IP`) VALUES ('test2',3,'test2','tinjHG4yXB0IAY1iTH/56pwI7E+fqXbduNAHbh8CuXg=','','','','0','Y',0,'2015-10-06 11:38:00','admin','0:0:0:0:0:0:0:1','2015-10-06 11:38:00','admin','0:0:0:0:0:0:0:1');
INSERT INTO `USER_INFO`(`USER_ID`,`CORP_ID`,`USER_NM`,`USER_PW`,`USER_EMAIL`,`USER_HP`,`USER_TEL`,`USER_AUTH`,`USE_YN`,`ACCESS_FAIL_CNT`,`MOD_DT`,`MOD_ID`,`MOD_IP`,`REG_DT`,`REG_ID`,`REG_IP`) VALUES ('test3',6,'test3','RfKXWpw+T9UFt358B/2eowdLohkITQKg/bkhcjqUp6s=','','','','0','Y',0,'2015-10-06 11:38:35','admin','0:0:0:0:0:0:0:1','2015-10-06 11:38:35','admin','0:0:0:0:0:0:0:1');
INSERT INTO `USER_INFO`(`USER_ID`,`CORP_ID`,`USER_NM`,`USER_PW`,`USER_EMAIL`,`USER_HP`,`USER_TEL`,`USER_AUTH`,`USE_YN`,`ACCESS_FAIL_CNT`,`MOD_DT`,`MOD_ID`,`MOD_IP`,`REG_DT`,`REG_ID`,`REG_IP`) VALUES ('test4',7,'test4','cpzcVQFtiHM1ig8ASAoq9ZqID5wvv1ZuRf8+8mK3upY=','','','','0','Y',0,'2015-10-06 11:40:11','admin','0:0:0:0:0:0:0:1','2015-10-06 11:40:11','admin','0:0:0:0:0:0:0:1');
INSERT INTO `USER_INFO`(`USER_ID`,`CORP_ID`,`USER_NM`,`USER_PW`,`USER_EMAIL`,`USER_HP`,`USER_TEL`,`USER_AUTH`,`USE_YN`,`ACCESS_FAIL_CNT`,`MOD_DT`,`MOD_ID`,`MOD_IP`,`REG_DT`,`REG_ID`,`REG_IP`) VALUES ('test5',4,'test5','SJnesHVkg8j5q9HWIVTQkz3jw1qbAe4oYIfAjyoyRc0=','','','','0','Y',0,'2015-10-06 11:41:02','admin','0:0:0:0:0:0:0:1','2015-10-06 11:41:02','admin','0:0:0:0:0:0:0:1');
INSERT INTO `USER_INFO`(`USER_ID`,`CORP_ID`,`USER_NM`,`USER_PW`,`USER_EMAIL`,`USER_HP`,`USER_TEL`,`USER_AUTH`,`USE_YN`,`ACCESS_FAIL_CNT`,`MOD_DT`,`MOD_ID`,`MOD_IP`,`REG_DT`,`REG_ID`,`REG_IP`) VALUES ('test6',9,'test6','DX2FDrSgHMwd58sl0yXkehH439ICyajHhVhLYoTlIQ0=','','','','0','Y',0,'2015-10-06 11:41:44','admin','0:0:0:0:0:0:0:1','2015-10-06 11:41:44','admin','0:0:0:0:0:0:0:1');
INSERT INTO `USER_INFO`(`USER_ID`,`CORP_ID`,`USER_NM`,`USER_PW`,`USER_EMAIL`,`USER_HP`,`USER_TEL`,`USER_AUTH`,`USE_YN`,`ACCESS_FAIL_CNT`,`MOD_DT`,`MOD_ID`,`MOD_IP`,`REG_DT`,`REG_ID`,`REG_IP`) VALUES ('test7',10,'test7','XZjtB3v9xNck9kbo8QwpcktNQvMug7rALTgIfrDudtk=','','','','0','Y',0,'2015-10-06 11:42:22','admin','0:0:0:0:0:0:0:1','2015-10-06 11:42:22','admin','0:0:0:0:0:0:0:1');
INSERT INTO `USER_INFO`(`USER_ID`,`CORP_ID`,`USER_NM`,`USER_PW`,`USER_EMAIL`,`USER_HP`,`USER_TEL`,`USER_AUTH`,`USE_YN`,`ACCESS_FAIL_CNT`,`MOD_DT`,`MOD_ID`,`MOD_IP`,`REG_DT`,`REG_ID`,`REG_IP`) VALUES ('test8',15,'test8','3wO6HPbJDIEojualQ5T2Gqwz5qWzTxo5WL0H0fRg8PU=','','','','0','Y',0,'2015-10-06 11:45:29','admin','0:0:0:0:0:0:0:1','2015-10-06 11:45:29','admin','0:0:0:0:0:0:0:1');
INSERT INTO `USER_INFO`(`USER_ID`,`CORP_ID`,`USER_NM`,`USER_PW`,`USER_EMAIL`,`USER_HP`,`USER_TEL`,`USER_AUTH`,`USE_YN`,`ACCESS_FAIL_CNT`,`MOD_DT`,`MOD_ID`,`MOD_IP`,`REG_DT`,`REG_ID`,`REG_IP`) VALUES ('test9',16,'test9','dkq5nEaGsr1y6iB3S5TY49XyAsv6cuNqNlJUzYRNhpc=','','','','0','Y',0,'2015-10-06 11:46:04','admin','0:0:0:0:0:0:0:1','2015-10-06 11:46:04','admin','0:0:0:0:0:0:0:1');

INSERT INTO `USER_AUTH`(`USER_ID`,`AUTH_ID`) VALUES ('admin','SUPERADMIN');
INSERT INTO `USER_AUTH`(`USER_ID`,`AUTH_ID`) VALUES ('test','SITEADMIN');
INSERT INTO `USER_AUTH`(`USER_ID`,`AUTH_ID`) VALUES ('test1','ROADADMIN');
INSERT INTO `USER_AUTH`(`USER_ID`,`AUTH_ID`) VALUES ('test10','RESTUSER');
INSERT INTO `USER_AUTH`(`USER_ID`,`AUTH_ID`) VALUES ('test2','RESTADMIN');
INSERT INTO `USER_AUTH`(`USER_ID`,`AUTH_ID`) VALUES ('test3','RESTUSER');
INSERT INTO `USER_AUTH`(`USER_ID`,`AUTH_ID`) VALUES ('test4','RESTUSER');
INSERT INTO `USER_AUTH`(`USER_ID`,`AUTH_ID`) VALUES ('test5','RESTADMIN');
INSERT INTO `USER_AUTH`(`USER_ID`,`AUTH_ID`) VALUES ('test6','RESTUSER');
INSERT INTO `USER_AUTH`(`USER_ID`,`AUTH_ID`) VALUES ('test7','RESTUSER');
INSERT INTO `USER_AUTH`(`USER_ID`,`AUTH_ID`) VALUES ('test8','ROADADMIN');
INSERT INTO `USER_AUTH`(`USER_ID`,`AUTH_ID`) VALUES ('test9','RESTADMIN');

INSERT INTO `RESO_INFO`(`RESO_ID`,`RESO_NM`,`RESO_PTN`,`RESO_TP`,`RESO_ORD`) VALUES ('RES_000001','아이콘','/*.ico','url',10);
INSERT INTO `RESO_INFO`(`RESO_ID`,`RESO_NM`,`RESO_PTN`,`RESO_TP`,`RESO_ORD`) VALUES ('RES_000002','이미지','/images/**/*','url',20);
INSERT INTO `RESO_INFO`(`RESO_ID`,`RESO_NM`,`RESO_PTN`,`RESO_TP`,`RESO_ORD`) VALUES ('RES_000003','css','/**/*.css','url',30);
INSERT INTO `RESO_INFO`(`RESO_ID`,`RESO_NM`,`RESO_PTN`,`RESO_TP`,`RESO_ORD`) VALUES ('RES_000004','js','/**/*.js','url',40);
INSERT INTO `RESO_INFO`(`RESO_ID`,`RESO_NM`,`RESO_PTN`,`RESO_TP`,`RESO_ORD`) VALUES ('RES_000005','htm','/**/*.htm*','url',50);
INSERT INTO `RESO_INFO`(`RESO_ID`,`RESO_NM`,`RESO_PTN`,`RESO_TP`,`RESO_ORD`) VALUES ('RES_000006','jsp','/*.jsp','url',60);
INSERT INTO `RESO_INFO`(`RESO_ID`,`RESO_NM`,`RESO_PTN`,`RESO_TP`,`RESO_ORD`) VALUES ('RES_000007','로그인,로그아웃','/usr/lgn/*','url',70);
INSERT INTO `RESO_INFO`(`RESO_ID`,`RESO_NM`,`RESO_PTN`,`RESO_TP`,`RESO_ORD`) VALUES ('RES_000008','관리페이지','/mng/**/*','url',80);
INSERT INTO `RESO_INFO`(`RESO_ID`,`RESO_NM`,`RESO_PTN`,`RESO_TP`,`RESO_ORD`) VALUES ('RES_000009','레이아웃 페이지','/cmm/**/*','url',90);
INSERT INTO `RESO_INFO`(`RESO_ID`,`RESO_NM`,`RESO_PTN`,`RESO_TP`,`RESO_ORD`) VALUES ('RES_000010','개인정보수정','/usr/edt/mypage*.do','url',100);
INSERT INTO `RESO_INFO`(`RESO_ID`,`RESO_NM`,`RESO_PTN`,`RESO_TP`,`RESO_ORD`) VALUES ('RES_000011','파일다운로드','/common/downLoadFile.do','url',110);
INSERT INTO `RESO_INFO`(`RESO_ID`,`RESO_NM`,`RESO_PTN`,`RESO_TP`,`RESO_ORD`) VALUES ('RES_000012','검색','/cmm/sch/*','url',120);
INSERT INTO `RESO_INFO`(`RESO_ID`,`RESO_NM`,`RESO_PTN`,`RESO_TP`,`RESO_ORD`) VALUES ('RES_000013','웹서비스','/syc/**/*','url',130);

INSERT INTO `RESO_AUTH`(`RESO_ID`,`AUTH_ID`,`AUTH_NM`) VALUES ('RES_000001','ANONYMOUS','아이콘');
INSERT INTO `RESO_AUTH`(`RESO_ID`,`AUTH_ID`,`AUTH_NM`) VALUES ('RES_000002','ANONYMOUS','이미지');
INSERT INTO `RESO_AUTH`(`RESO_ID`,`AUTH_ID`,`AUTH_NM`) VALUES ('RES_000003','ANONYMOUS','css');
INSERT INTO `RESO_AUTH`(`RESO_ID`,`AUTH_ID`,`AUTH_NM`) VALUES ('RES_000004','ANONYMOUS','js');
INSERT INTO `RESO_AUTH`(`RESO_ID`,`AUTH_ID`,`AUTH_NM`) VALUES ('RES_000005','ANONYMOUS','htm');
INSERT INTO `RESO_AUTH`(`RESO_ID`,`AUTH_ID`,`AUTH_NM`) VALUES ('RES_000006','ANONYMOUS','jsp');
INSERT INTO `RESO_AUTH`(`RESO_ID`,`AUTH_ID`,`AUTH_NM`) VALUES ('RES_000007','ANONYMOUS','로그인,로그아웃');
INSERT INTO `RESO_AUTH`(`RESO_ID`,`AUTH_ID`,`AUTH_NM`) VALUES ('RES_000008','RESTUSER','관리페이지');
INSERT INTO `RESO_AUTH`(`RESO_ID`,`AUTH_ID`,`AUTH_NM`) VALUES ('RES_000009','RESTUSER','레이아웃 페이지');
INSERT INTO `RESO_AUTH`(`RESO_ID`,`AUTH_ID`,`AUTH_NM`) VALUES ('RES_000010','AUTHENTICATED','개인정보수정');
INSERT INTO `RESO_AUTH`(`RESO_ID`,`AUTH_ID`,`AUTH_NM`) VALUES ('RES_000011','ANONYMOUS','파일다운로드');
INSERT INTO `RESO_AUTH`(`RESO_ID`,`AUTH_ID`,`AUTH_NM`) VALUES ('RES_000012','AUTHENTICATED','검색');
INSERT INTO `RESO_AUTH`(`RESO_ID`,`AUTH_ID`,`AUTH_NM`) VALUES ('RES_000013','ANONYMOUS','웹서비스');

INSERT INTO `DEPT`(`ID`,`PARENT_ID`,`NAME`) VALUES (1,0,'ROOT');
INSERT INTO `DEPT`(`ID`,`PARENT_ID`,`NAME`) VALUES (2,1,'1');
INSERT INTO `DEPT`(`ID`,`PARENT_ID`,`NAME`) VALUES (3,1,'2');
INSERT INTO `DEPT`(`ID`,`PARENT_ID`,`NAME`) VALUES (4,2,'1.1');
INSERT INTO `DEPT`(`ID`,`PARENT_ID`,`NAME`) VALUES (5,2,'1.2');
INSERT INTO `DEPT`(`ID`,`PARENT_ID`,`NAME`) VALUES (6,3,'2.1');
INSERT INTO `DEPT`(`ID`,`PARENT_ID`,`NAME`) VALUES (7,6,'2.1.1');
INSERT INTO `DEPT`(`ID`,`PARENT_ID`,`NAME`) VALUES (8,1,'3');
INSERT INTO `DEPT`(`ID`,`PARENT_ID`,`NAME`) VALUES (9,10,'1.1.1.1');
INSERT INTO `DEPT`(`ID`,`PARENT_ID`,`NAME`) VALUES (10,4,'1.1.1');

INSERT INTO `SAM_LEVEL`(`ID`,`REF`,`STEP`,`LEVEL`,`SUBJECT`) VALUES (1,1,0,0,'1');
INSERT INTO `SAM_LEVEL`(`ID`,`REF`,`STEP`,`LEVEL`,`SUBJECT`) VALUES (2,2,0,0,'2');
INSERT INTO `SAM_LEVEL`(`ID`,`REF`,`STEP`,`LEVEL`,`SUBJECT`) VALUES (3,2,1,1,'_2-1');
INSERT INTO `SAM_LEVEL`(`ID`,`REF`,`STEP`,`LEVEL`,`SUBJECT`) VALUES (4,2,4,1,'_2-2');
INSERT INTO `SAM_LEVEL`(`ID`,`REF`,`STEP`,`LEVEL`,`SUBJECT`) VALUES (5,2,2,2,'__2-1-1');
INSERT INTO `SAM_LEVEL`(`ID`,`REF`,`STEP`,`LEVEL`,`SUBJECT`) VALUES (6,2,5,2,'__2-2-1');
INSERT INTO `SAM_LEVEL`(`ID`,`REF`,`STEP`,`LEVEL`,`SUBJECT`) VALUES (7,2,3,3,'___2-1-1-1');

INSERT INTO `TEST_TABLE`(`id`,`p_id`,`nm`) VALUES (1,0,'왕');
INSERT INTO `TEST_TABLE`(`id`,`p_id`,`nm`) VALUES (2,1,'왕자');
INSERT INTO `TEST_TABLE`(`id`,`p_id`,`nm`) VALUES (3,1,'공주');
INSERT INTO `TEST_TABLE`(`id`,`p_id`,`nm`) VALUES (4,2,'왕자아들');
INSERT INTO `TEST_TABLE`(`id`,`p_id`,`nm`) VALUES (5,2,'왕자딸');
INSERT INTO `TEST_TABLE`(`id`,`p_id`,`nm`) VALUES (6,3,'공주아들');
INSERT INTO `TEST_TABLE`(`id`,`p_id`,`nm`) VALUES (7,6,'공주아들의 딸');
INSERT INTO `TEST_TABLE`(`id`,`p_id`,`nm`) VALUES (8,1,'배다른 형제');
